pair,target,confounder,method,rho,shot,auroc,sms_fixed_reference,auroc_change,sms_reduction,pareto
Pneumothorax__Support Devices,Pneumothorax,Support Devices,binary_protonet_random,,1,0.5130975067615509,1.0873328924179078,0.0,0.0,False
Pneumothorax__Support Devices,Pneumothorax,Support Devices,binary_protonet_random,,3,0.5288550019264221,1.1132306814193726,0.0,0.0,False
Pneumothorax__Support Devices,Pneumothorax,Support Devices,binary_protonet_random,,5,0.541745001077652,1.1028063297271729,0.0,0.0,False
Pneumothorax__Support Devices,Pneumothorax,Support Devices,binary_protonet_random,,10,0.5584300041198731,1.0897851467132569,0.0,0.0,False
Edema__Cardiomegaly,Edema,Cardiomegaly,binary_protonet_random,,1,0.6157250046730042,1.0289595007896424,0.0,0.0,False
Edema__Cardiomegaly,Edema,Cardiomegaly,binary_protonet_random,,3,0.6326750040054321,1.0287745237350463,0.0,0.0,False
Edema__Cardiomegaly,Edema,Cardiomegaly,binary_protonet_random,,5,0.6673849940299987,0.9587758302688598,0.0,0.0,False
Edema__Cardiomegaly,Edema,Cardiomegaly,binary_protonet_random,,10,0.6959250092506408,0.9069579362869262,0.0,0.0,False
Pneumothorax__Support Devices,Pneumothorax,Support Devices,adapter_only,0.7,1,0.5146849989891052,0.5888266324996948,0.001587492227554388,0.45846700986823086,False
Pneumothorax__Support Devices,Pneumothorax,Support Devices,adapter_only,0.7,3,0.5354774951934814,0.587635588645935,0.006622493267059326,0.47213493262986805,False
Pneumothorax__Support Devices,Pneumothorax,Support Devices,adapter_only,0.7,5,0.5437874913215637,0.6111499011516571,0.0020424902439116766,0.44582300202896763,False
Pneumothorax__Support Devices,Pneumothorax,Support Devices,adapter_only,0.7,10,0.5627299904823303,0.6094376027584076,0.004299986362457209,0.4407727022189244,False
Edema__Cardiomegaly,Edema,Cardiomegaly,adapter_only,0.7,1,0.6255450010299682,0.5628644287586212,0.009819996356964067,0.45297708187089125,False
Edema__Cardiomegaly,Edema,Cardiomegaly,adapter_only,0.7,3,0.6492775082588196,0.5524148583412171,0.016602504253387496,0.46303602432180013,False
Edema__Cardiomegaly,Edema,Cardiomegaly,adapter_only,0.7,5,0.6807199954986572,0.5408851504325867,0.013335001468658514,0.4358585882573701,False
Edema__Cardiomegaly,Edema,Cardiomegaly,adapter_only,0.7,10,0.7126649856567383,0.524114578962326,0.01673997640609748,0.42211809611805795,False
Pneumothorax__Support Devices,Pneumothorax,Support Devices,full_iera,0.7,1,0.517280000448227,0.412038516998291,0.004182493686676114,0.6210557779761092,False
Pneumothorax__Support Devices,Pneumothorax,Support Devices,full_iera,0.7,3,0.5402399897575378,0.469505774974823,0.011384987831115745,0.578249339682049,False
Pneumothorax__Support Devices,Pneumothorax,Support Devices,full_iera,0.7,5,0.5475100040435791,0.48953868746757506,0.00576500296592708,0.5560973180225727,False
Pneumothorax__Support Devices,Pneumothorax,Support Devices,full_iera,0.7,10,0.567870020866394,0.48823114633560183,0.009440016746520952,0.5519932091127457,True
Edema__Cardiomegaly,Edema,Cardiomegaly,full_iera,0.7,1,0.6271225094795227,0.4008269369602203,0.011397504806518577,0.6104541173363788,False
Edema__Cardiomegaly,Edema,Cardiomegaly,full_iera,0.7,3,0.650992500782013,0.43855403661727904,0.0183174967765809,0.5737121920310835,False
Edema__Cardiomegaly,Edema,Cardiomegaly,full_iera,0.7,5,0.6852750062942505,0.42410388588905334,0.017890012264251798,0.5576610585081956,False
Edema__Cardiomegaly,Edema,Cardiomegaly,full_iera,0.7,10,0.7126824855804443,0.4179496467113495,0.01675747632980351,0.5391741667508531,False
Pneumothorax__Support Devices,Pneumothorax,Support Devices,adapter_only,0.9,1,0.5169275104999542,0.8110419869422912,0.0038300037384033647,0.2540996482330512,False
Pneumothorax__Support Devices,Pneumothorax,Support Devices,adapter_only,0.9,3,0.5307825207710266,0.8150594830513,0.0019275188446045144,0.26784313740607957,False
Pneumothorax__Support Devices,Pneumothorax,Support Devices,adapter_only,0.9,5,0.5406274914741516,0.8234553098678589,-0.0011175096035004328,0.2533092278572826,False
Pneumothorax__Support Devices,Pneumothorax,Support Devices,adapter_only,0.9,10,0.5578825116157532,0.8132007122039795,-0.0005474925041198953,0.25379721438069114,False
Edema__Cardiomegaly,Edema,Cardiomegaly,adapter_only,0.9,1,0.6176524996757508,0.7794284701347352,0.001927495002746582,0.2425081166590255,False
Edema__Cardiomegaly,Edema,Cardiomegaly,adapter_only,0.9,3,0.6385650038719177,0.7708629488945007,0.00588999986648564,0.25069786322485654,False
Edema__Cardiomegaly,Edema,Cardiomegaly,adapter_only,0.9,5,0.6742599964141845,0.7343375563621521,0.006875002384185813,0.23408837271562288,False
Edema__Cardiomegaly,Edema,Cardiomegaly,adapter_only,0.9,10,0.7023400068283081,0.7058007717132568,0.006414997577667281,0.22179326794052234,False
Pneumothorax__Support Devices,Pneumothorax,Support Devices,adapter_only,0.8,1,0.5206199884414673,0.6777404069900512,0.007522481679916426,0.3766946519175407,False
Pneumothorax__Support Devices,Pneumothorax,Support Devices,adapter_only,0.8,3,0.5321974873542785,0.6727080702781677,0.003342485427856423,0.39571547792730366,False
Pneumothorax__Support Devices,Pneumothorax,Support Devices,adapter_only,0.8,5,0.5432775020599365,0.686837089061737,0.0015325009822845237,0.3771915607052636,False
Pneumothorax__Support Devices,Pneumothorax,Support Devices,adapter_only,0.8,10,0.5603600144386292,0.681678307056427,0.001930010318756059,0.3744837602968455,False
Edema__Cardiomegaly,Edema,Cardiomegaly,adapter_only,0.8,1,0.6242150068283081,0.6418052554130554,0.008490002155303933,0.3762580014854595,False
Edema__Cardiomegaly,Edema,Cardiomegaly,adapter_only,0.8,3,0.6468950033187866,0.6267568588256835,0.014219999313354492,0.39077334793420637,False
Edema__Cardiomegaly,Edema,Cardiomegaly,adapter_only,0.8,5,0.6827900052070618,0.5968749284744262,0.015405011177063055,0.3774614361033166,False
Edema__Cardiomegaly,Edema,Cardiomegaly,adapter_only,0.8,10,0.7097100019454956,0.5702095746994018,0.01378499269485478,0.37129435458293436,False
Pneumothorax__Support Devices,Pneumothorax,Support Devices,adapter_only,0.5,1,0.5214499950408935,0.3535871088504791,0.008352488279342651,0.6748124596284348,False
Pneumothorax__Support Devices,Pneumothorax,Support Devices,adapter_only,0.5,3,0.539442491531372,0.36168195605278014,0.010587489604949929,0.6751060116384553,False
Pneumothorax__Support Devices,Pneumothorax,Support Devices,adapter_only,0.5,5,0.5493149995803833,0.37431554198265077,0.007569998502731323,0.6605790773115584,True
Pneumothorax__Support Devices,Pneumothorax,Support Devices,adapter_only,0.5,10,0.565957510471344,0.3715425252914429,0.007527506351470925,0.6590680957508015,False
Edema__Cardiomegaly,Edema,Cardiomegaly,adapter_only,0.5,1,0.636614990234375,0.33400821685791016,0.020889985561370783,0.6753922612099056,False
Edema__Cardiomegaly,Edema,Cardiomegaly,adapter_only,0.5,3,0.6661050081253052,0.3292402446269989,0.03343000411987307,0.6799685091037573,False
Edema__Cardiomegaly,Edema,Cardiomegaly,adapter_only,0.5,5,0.6989724993705749,0.3270808577537537,0.031587505340576194,0.6588557539440333,False
Edema__Cardiomegaly,Edema,Cardiomegaly,adapter_only,0.5,10,0.7286599993705749,0.31598281264305117,0.03273499011993408,0.6516014690420147,False
Pneumothorax__Support Devices,Pneumothorax,Support Devices,adapter_only,0.3,1,0.5217999994754792,0.245542311668396,0.008702492713928311,0.7741792661837146,False
Pneumothorax__Support Devices,Pneumothorax,Support Devices,adapter_only,0.3,3,0.5411550164222717,0.257106739282608,0.01230001449584961,0.7690445084079105,True
Pneumothorax__Support Devices,Pneumothorax,Support Devices,adapter_only,0.3,5,0.5481449961662292,0.2661016970872879,0.006399995088577248,0.7587049603232512,True
Pneumothorax__Support Devices,Pneumothorax,Support Devices,adapter_only,0.3,10,0.5644924998283386,0.26588562726974485,0.0060624957084655096,0.7560201402343902,False
Edema__Cardiomegaly,Edema,Cardiomegaly,adapter_only,0.3,1,0.6371799945831299,0.2313336491584778,0.021454989910125732,0.7751771095160227,True
Edema__Cardiomegaly,Edema,Cardiomegaly,adapter_only,0.3,3,0.6684450030326843,0.2329289585351944,0.0357699990272522,0.7735859965801567,True
Edema__Cardiomegaly,Edema,Cardiomegaly,adapter_only,0.3,5,0.7048725008964538,0.23306199610233308,0.03748750686645508,0.7569171137355665,True
Edema__Cardiomegaly,Edema,Cardiomegaly,adapter_only,0.3,10,0.7347224950790405,0.22678140699863433,0.0387974858283997,0.7499537763271862,True
Pneumothorax__Support Devices,Pneumothorax,Support Devices,full_iera,0.9,1,0.5164049863815308,0.6775013685226441,0.003307479619979903,0.376914491185785,False
Pneumothorax__Support Devices,Pneumothorax,Support Devices,full_iera,0.9,3,0.5329549908638,0.7838795423507691,0.004099988937377952,0.29585165461724416,False
Pneumothorax__Support Devices,Pneumothorax,Support Devices,full_iera,0.9,5,0.5388399958610535,0.8276032328605651,-0.002905005216598533,0.2495479844903422,False
Pneumothorax__Support Devices,Pneumothorax,Support Devices,full_iera,0.9,10,0.5627175092697143,0.8612302899360657,0.00428750514984122,0.2097246943275951,False
Edema__Cardiomegaly,Edema,Cardiomegaly,full_iera,0.9,1,0.617929995059967,0.6425155699253082,0.0022049903869628684,0.37556767838556326,False
Edema__Cardiomegaly,Edema,Cardiomegaly,full_iera,0.9,3,0.6364000082015991,0.7073147654533386,0.003725004196167059,0.3124686224874843,False
Edema__Cardiomegaly,Edema,Cardiomegaly,full_iera,0.9,5,0.6654299974441529,0.6952896237373352,-0.0019549965858458584,0.27481523648508943,False
Edema__Cardiomegaly,Edema,Cardiomegaly,full_iera,0.9,10,0.6918375015258789,0.6892982482910156,-0.004087507724761963,0.23998873518545583,False
Pneumothorax__Support Devices,Pneumothorax,Support Devices,full_iera,0.8,1,0.5168600022792816,0.5442897319793701,0.0037624955177307795,0.4994267755764932,False
Pneumothorax__Support Devices,Pneumothorax,Support Devices,full_iera,0.8,3,0.5371399879455566,0.6313483655452728,0.008284986019134521,0.4328683388960304,False
Pneumothorax__Support Devices,Pneumothorax,Support Devices,full_iera,0.8,5,0.5398275017738342,0.6596491158008575,-0.0019174993038177934,0.40184500395092004,False
Pneumothorax__Support Devices,Pneumothorax,Support Devices,full_iera,0.8,10,0.5588199973106385,0.6742442607879638,0.00038999319076538086,0.3813053308521829,False
Edema__Cardiomegaly,Edema,Cardiomegaly,full_iera,0.8,1,0.6212175011634826,0.5269245564937591,0.005492496490478449,0.4879054461430332,False
Edema__Cardiomegaly,Edema,Cardiomegaly,full_iera,0.8,3,0.6433149933815002,0.5776113331317901,0.010639989376068137,0.4385442875910972,False
Edema__Cardiomegaly,Edema,Cardiomegaly,full_iera,0.8,5,0.6731724977493286,0.5570541799068451,0.005787503719329901,0.41899434432902205,False
Edema__Cardiomegaly,Edema,Cardiomegaly,full_iera,0.8,10,0.7015200018882751,0.5472615122795105,0.0055949926376342995,0.396596589120779,False
Pneumothorax__Support Devices,Pneumothorax,Support Devices,full_iera,0.5,1,0.5197100043296814,0.32269449830055236,0.006612497568130538,0.7032238235863766,False
Pneumothorax__Support Devices,Pneumothorax,Support Devices,full_iera,0.5,3,0.5390549898147583,0.353067672252655,0.010199987888336204,0.6828441057674653,False
Pneumothorax__Support Devices,Pneumothorax,Support Devices,full_iera,0.5,5,0.5465375006198883,0.36782692074775697,0.0047924995422362615,0.6664628132495802,False
Pneumothorax__Support Devices,Pneumothorax,Support Devices,full_iera,0.5,10,0.5657950043678284,0.3695604562759399,0.007365000247955278,0.6608868661951233,False
Edema__Cardiomegaly,Edema,Cardiomegaly,full_iera,0.5,1,0.6290549993515014,0.31119704246520996,0.01332999467849727,0.6975614276107158,False
Edema__Cardiomegaly,Edema,Cardiomegaly,full_iera,0.5,3,0.6567049980163574,0.3281253159046173,0.024029994010925315,0.6810522535945653,False
Edema__Cardiomegaly,Edema,Cardiomegaly,full_iera,0.5,5,0.6904550075531006,0.3230501413345337,0.023070013523101895,0.6630597777543641,False
Edema__Cardiomegaly,Edema,Cardiomegaly,full_iera,0.5,10,0.7194375038146973,0.31636867523193357,0.023512494564056463,0.6511760219805312,False
Pneumothorax__Support Devices,Pneumothorax,Support Devices,full_iera,0.3,1,0.5226249873638154,0.23107287883758545,0.009527480602264493,0.7874865365989734,True
Pneumothorax__Support Devices,Pneumothorax,Support Devices,full_iera,0.3,3,0.5379024982452393,0.2502206712961197,0.009047496318817183,0.7752301697460516,True
Pneumothorax__Support Devices,Pneumothorax,Support Devices,full_iera,0.3,5,0.5463899970054626,0.2592023730278015,0.004644995927810647,0.7649611123542186,True
Pneumothorax__Support Devices,Pneumothorax,Support Devices,full_iera,0.3,10,0.566902506351471,0.2580260694026947,0.0084725022315979,0.763232165366825,True
Edema__Cardiomegaly,Edema,Cardiomegaly,full_iera,0.3,1,0.6345499992370606,0.21734582483768464,0.018824994564056396,0.7887712541932996,True
Edema__Cardiomegaly,Edema,Cardiomegaly,full_iera,0.3,3,0.6669750094413758,0.22708292603492736,0.03430000543594369,0.7792685172544076,True
Edema__Cardiomegaly,Edema,Cardiomegaly,full_iera,0.3,5,0.7012624859809875,0.22580097913742064,0.03387749195098877,0.7644903302640602,True
Edema__Cardiomegaly,Edema,Cardiomegaly,full_iera,0.3,10,0.7311524987220764,0.2196119636297226,0.035227489471435613,0.7578587111450713,True
Pneumothorax__Support Devices,Pneumothorax,Support Devices,mean_difference_projection,,1,0.5209524989128113,1.8335511922836303,nan,nan,False
Pneumothorax__Support Devices,Pneumothorax,Support Devices,mean_difference_projection,,3,0.5204425036907196,1.5936236381530762,nan,nan,False
Pneumothorax__Support Devices,Pneumothorax,Support Devices,mean_difference_projection,,5,0.5386725068092346,1.2408364295959473,nan,nan,False
Pneumothorax__Support Devices,Pneumothorax,Support Devices,mean_difference_projection,,10,0.553505003452301,1.0174229741096497,nan,nan,True
Edema__Cardiomegaly,Edema,Cardiomegaly,mean_difference_projection,,1,0.5868800044059753,1.3818117141723634,nan,nan,False
Edema__Cardiomegaly,Edema,Cardiomegaly,mean_difference_projection,,3,0.5990000009536743,1.024438500404358,nan,nan,True
Edema__Cardiomegaly,Edema,Cardiomegaly,mean_difference_projection,,5,0.6443999886512757,0.899113941192627,nan,nan,True
Edema__Cardiomegaly,Edema,Cardiomegaly,mean_difference_projection,,10,0.6657999992370606,0.812400507926941,nan,nan,True
Pneumothorax__Support Devices,Pneumothorax,Support Devices,nuisance_balanced,,1,0.5321300029754639,1.0873329639434814,nan,nan,True
Pneumothorax__Support Devices,Pneumothorax,Support Devices,nuisance_balanced,,3,0.5377924919128418,1.1132306575775146,nan,nan,True
Pneumothorax__Support Devices,Pneumothorax,Support Devices,nuisance_balanced,,5,0.5572649955749511,1.102806282043457,nan,nan,True
Pneumothorax__Support Devices,Pneumothorax,Support Devices,nuisance_balanced,,10,0.5743000030517578,1.0897850036621093,nan,nan,True
Edema__Cardiomegaly,Edema,Cardiomegaly,nuisance_balanced,,1,0.6002399921417236,1.028959608078003,nan,nan,True
Edema__Cardiomegaly,Edema,Cardiomegaly,nuisance_balanced,,3,0.6497449994087219,1.028774631023407,nan,nan,True
Edema__Cardiomegaly,Edema,Cardiomegaly,nuisance_balanced,,5,0.6684249997138977,0.9587758660316468,nan,nan,True
Edema__Cardiomegaly,Edema,Cardiomegaly,nuisance_balanced,,10,0.7085000038146972,0.9069579005241394,nan,nan,True
Pneumothorax__Support Devices,Pneumothorax,Support Devices,rex,,1,0.5049649953842164,1.6983492612838744,nan,nan,False
Pneumothorax__Support Devices,Pneumothorax,Support Devices,rex,,3,0.5162950038909913,2.309509015083313,nan,nan,False
Pneumothorax__Support Devices,Pneumothorax,Support Devices,rex,,5,0.5139400124549866,2.464163398742676,nan,nan,False
Pneumothorax__Support Devices,Pneumothorax,Support Devices,rex,,10,0.5294250071048736,2.6188843965530397,nan,nan,False
Edema__Cardiomegaly,Edema,Cardiomegaly,rex,,1,0.6583799958229065,1.7082102298736572,nan,nan,True
Edema__Cardiomegaly,Edema,Cardiomegaly,rex,,3,0.6739224910736084,2.2870604515075685,nan,nan,True
Edema__Cardiomegaly,Edema,Cardiomegaly,rex,,5,0.6989099979400635,2.5235628128051757,nan,nan,True
Edema__Cardiomegaly,Edema,Cardiomegaly,rex,,10,0.7255300045013428,2.6897783517837524,nan,nan,True
