partition,pair,target,confounder,method,candidate,witness_fraction,gamma,shot,seed,metric,value
validate,Pneumothorax__Support Devices,Pneumothorax,Support Devices,anchor_plus_relational_witness,anchor_plus_relational_witness|r=0.1|gamma=0.1,0.1,0.1,3,0,auroc,0.5330749750137329
validate,Pneumothorax__Support Devices,Pneumothorax,Support Devices,anchor_plus_relational_witness,anchor_plus_relational_witness|r=0.1|gamma=0.1,0.1,0.1,3,0,auprc,0.5310009717941284
validate,Pneumothorax__Support Devices,Pneumothorax,Support Devices,anchor_plus_relational_witness,anchor_plus_relational_witness|r=0.1|gamma=0.1,0.1,0.1,3,0,f1,0.6666666865348816
validate,Pneumothorax__Support Devices,Pneumothorax,Support Devices,anchor_plus_relational_witness,anchor_plus_relational_witness|r=0.1|gamma=0.1,0.1,0.1,3,0,brier,0.24993349611759186
validate,Pneumothorax__Support Devices,Pneumothorax,Support Devices,anchor_plus_relational_witness,anchor_plus_relational_witness|r=0.1|gamma=0.1,0.1,0.1,3,0,ece,0.007601797580718994
validate,Pneumothorax__Support Devices,Pneumothorax,Support Devices,anchor_plus_relational_witness,anchor_plus_relational_witness|r=0.1|gamma=0.1,0.1,0.1,3,0,sms_raw_logit,0.01142091304063797
validate,Pneumothorax__Support Devices,Pneumothorax,Support Devices,anchor_plus_relational_witness,anchor_plus_relational_witness|r=0.1|gamma=0.1,0.1,0.1,3,0,sms_fixed_reference,0.6236621737480164
validate,Pneumothorax__Support Devices,Pneumothorax,Support Devices,anchor_plus_relational_witness,anchor_plus_relational_witness|r=0.1|gamma=0.1,0.1,0.1,3,0,ranking_disagreement,0.4932768642902374
validate,Pneumothorax__Support Devices,Pneumothorax,Support Devices,anchor_plus_relational_witness,anchor_plus_relational_witness|r=0.1|gamma=0.1,0.1,0.1,3,0,support_swap_flip_rate,0.0
validate,Pneumothorax__Support Devices,Pneumothorax,Support Devices,anchor_plus_relational_witness,anchor_plus_relational_witness|r=0.1|gamma=0.1,0.1,0.1,3,0,d0_auroc,0.5242000222206116
validate,Pneumothorax__Support Devices,Pneumothorax,Support Devices,anchor_plus_relational_witness,anchor_plus_relational_witness|r=0.1|gamma=0.1,0.1,0.1,3,0,d1_auroc,0.5396999716758728
validate,Pneumothorax__Support Devices,Pneumothorax,Support Devices,anchor_plus_relational_witness,anchor_plus_relational_witness|r=0.1|gamma=0.1,0.1,0.1,3,0,worst_nuisance_auroc,0.5242000222206116
validate,Pneumothorax__Support Devices,Pneumothorax,Support Devices,anchor_plus_relational_witness,anchor_plus_relational_witness|r=0.1|gamma=0.1,0.1,0.1,3,0,border_max_fraction,0.29499998688697815
test,Pneumothorax__Support Devices,Pneumothorax,Support Devices,anchor_plus_relational_witness,anchor_plus_relational_witness|r=0.1|gamma=0.1,0.1,0.1,3,0,auroc,0.49576249718666077
test,Pneumothorax__Support Devices,Pneumothorax,Support Devices,anchor_plus_relational_witness,anchor_plus_relational_witness|r=0.1|gamma=0.1,0.1,0.1,3,0,auprc,0.5008624792098999
test,Pneumothorax__Support Devices,Pneumothorax,Support Devices,anchor_plus_relational_witness,anchor_plus_relational_witness|r=0.1|gamma=0.1,0.1,0.1,3,0,f1,0.6666666865348816
test,Pneumothorax__Support Devices,Pneumothorax,Support Devices,anchor_plus_relational_witness,anchor_plus_relational_witness|r=0.1|gamma=0.1,0.1,0.1,3,0,brier,0.25008925795555115
test,Pneumothorax__Support Devices,Pneumothorax,Support Devices,anchor_plus_relational_witness,anchor_plus_relational_witness|r=0.1|gamma=0.1,0.1,0.1,3,0,ece,0.007536828517913818
test,Pneumothorax__Support Devices,Pneumothorax,Support Devices,anchor_plus_relational_witness,anchor_plus_relational_witness|r=0.1|gamma=0.1,0.1,0.1,3,0,sms_raw_logit,0.011403468437492847
test,Pneumothorax__Support Devices,Pneumothorax,Support Devices,anchor_plus_relational_witness,anchor_plus_relational_witness|r=0.1|gamma=0.1,0.1,0.1,3,0,sms_fixed_reference,0.6291161179542542
test,Pneumothorax__Support Devices,Pneumothorax,Support Devices,anchor_plus_relational_witness,anchor_plus_relational_witness|r=0.1|gamma=0.1,0.1,0.1,3,0,ranking_disagreement,0.4994799494743347
test,Pneumothorax__Support Devices,Pneumothorax,Support Devices,anchor_plus_relational_witness,anchor_plus_relational_witness|r=0.1|gamma=0.1,0.1,0.1,3,0,support_swap_flip_rate,0.0
test,Pneumothorax__Support Devices,Pneumothorax,Support Devices,anchor_plus_relational_witness,anchor_plus_relational_witness|r=0.1|gamma=0.1,0.1,0.1,3,0,d0_auroc,0.511900007724762
test,Pneumothorax__Support Devices,Pneumothorax,Support Devices,anchor_plus_relational_witness,anchor_plus_relational_witness|r=0.1|gamma=0.1,0.1,0.1,3,0,d1_auroc,0.4778499901294708
test,Pneumothorax__Support Devices,Pneumothorax,Support Devices,anchor_plus_relational_witness,anchor_plus_relational_witness|r=0.1|gamma=0.1,0.1,0.1,3,0,worst_nuisance_auroc,0.4778499901294708
test,Pneumothorax__Support Devices,Pneumothorax,Support Devices,anchor_plus_relational_witness,anchor_plus_relational_witness|r=0.1|gamma=0.1,0.1,0.1,3,0,border_max_fraction,0.2524999976158142
validate,Pneumothorax__Support Devices,Pneumothorax,Support Devices,anchor_plus_relational_witness,anchor_plus_relational_witness|r=0.1|gamma=0.1,0.1,0.1,3,1,auroc,0.5225874781608582
validate,Pneumothorax__Support Devices,Pneumothorax,Support Devices,anchor_plus_relational_witness,anchor_plus_relational_witness|r=0.1|gamma=0.1,0.1,0.1,3,1,auprc,0.5148090124130249
validate,Pneumothorax__Support Devices,Pneumothorax,Support Devices,anchor_plus_relational_witness,anchor_plus_relational_witness|r=0.1|gamma=0.1,0.1,0.1,3,1,f1,0.6666666865348816
validate,Pneumothorax__Support Devices,Pneumothorax,Support Devices,anchor_plus_relational_witness,anchor_plus_relational_witness|r=0.1|gamma=0.1,0.1,0.1,3,1,brier,0.24997545778751373
validate,Pneumothorax__Support Devices,Pneumothorax,Support Devices,anchor_plus_relational_witness,anchor_plus_relational_witness|r=0.1|gamma=0.1,0.1,0.1,3,1,ece,0.0037023425102233887
validate,Pneumothorax__Support Devices,Pneumothorax,Support Devices,anchor_plus_relational_witness,anchor_plus_relational_witness|r=0.1|gamma=0.1,0.1,0.1,3,1,sms_raw_logit,0.011810410767793655
validate,Pneumothorax__Support Devices,Pneumothorax,Support Devices,anchor_plus_relational_witness,anchor_plus_relational_witness|r=0.1|gamma=0.1,0.1,0.1,3,1,sms_fixed_reference,0.6250090599060059
validate,Pneumothorax__Support Devices,Pneumothorax,Support Devices,anchor_plus_relational_witness,anchor_plus_relational_witness|r=0.1|gamma=0.1,0.1,0.1,3,1,ranking_disagreement,0.49800750613212585
validate,Pneumothorax__Support Devices,Pneumothorax,Support Devices,anchor_plus_relational_witness,anchor_plus_relational_witness|r=0.1|gamma=0.1,0.1,0.1,3,1,support_swap_flip_rate,0.0
validate,Pneumothorax__Support Devices,Pneumothorax,Support Devices,anchor_plus_relational_witness,anchor_plus_relational_witness|r=0.1|gamma=0.1,0.1,0.1,3,1,d0_auroc,0.49790000915527344
validate,Pneumothorax__Support Devices,Pneumothorax,Support Devices,anchor_plus_relational_witness,anchor_plus_relational_witness|r=0.1|gamma=0.1,0.1,0.1,3,1,d1_auroc,0.5468999743461609
validate,Pneumothorax__Support Devices,Pneumothorax,Support Devices,anchor_plus_relational_witness,anchor_plus_relational_witness|r=0.1|gamma=0.1,0.1,0.1,3,1,worst_nuisance_auroc,0.49790000915527344
validate,Pneumothorax__Support Devices,Pneumothorax,Support Devices,anchor_plus_relational_witness,anchor_plus_relational_witness|r=0.1|gamma=0.1,0.1,0.1,3,1,border_max_fraction,0.3199999928474426
test,Pneumothorax__Support Devices,Pneumothorax,Support Devices,anchor_plus_relational_witness,anchor_plus_relational_witness|r=0.1|gamma=0.1,0.1,0.1,3,1,auroc,0.5299500226974487
test,Pneumothorax__Support Devices,Pneumothorax,Support Devices,anchor_plus_relational_witness,anchor_plus_relational_witness|r=0.1|gamma=0.1,0.1,0.1,3,1,auprc,0.5444849729537964
test,Pneumothorax__Support Devices,Pneumothorax,Support Devices,anchor_plus_relational_witness,anchor_plus_relational_witness|r=0.1|gamma=0.1,0.1,0.1,3,1,f1,0.6666666865348816
test,Pneumothorax__Support Devices,Pneumothorax,Support Devices,anchor_plus_relational_witness,anchor_plus_relational_witness|r=0.1|gamma=0.1,0.1,0.1,3,1,brier,0.24994422495365143
test,Pneumothorax__Support Devices,Pneumothorax,Support Devices,anchor_plus_relational_witness,anchor_plus_relational_witness|r=0.1|gamma=0.1,0.1,0.1,3,1,ece,0.003716707229614258
test,Pneumothorax__Support Devices,Pneumothorax,Support Devices,anchor_plus_relational_witness,anchor_plus_relational_witness|r=0.1|gamma=0.1,0.1,0.1,3,1,sms_raw_logit,0.0110888397321105
test,Pneumothorax__Support Devices,Pneumothorax,Support Devices,anchor_plus_relational_witness,anchor_plus_relational_witness|r=0.1|gamma=0.1,0.1,0.1,3,1,sms_fixed_reference,0.5867098569869995
test,Pneumothorax__Support Devices,Pneumothorax,Support Devices,anchor_plus_relational_witness,anchor_plus_relational_witness|r=0.1|gamma=0.1,0.1,0.1,3,1,ranking_disagreement,0.4641979932785034
test,Pneumothorax__Support Devices,Pneumothorax,Support Devices,anchor_plus_relational_witness,anchor_plus_relational_witness|r=0.1|gamma=0.1,0.1,0.1,3,1,support_swap_flip_rate,0.0
test,Pneumothorax__Support Devices,Pneumothorax,Support Devices,anchor_plus_relational_witness,anchor_plus_relational_witness|r=0.1|gamma=0.1,0.1,0.1,3,1,d0_auroc,0.5507000088691711
test,Pneumothorax__Support Devices,Pneumothorax,Support Devices,anchor_plus_relational_witness,anchor_plus_relational_witness|r=0.1|gamma=0.1,0.1,0.1,3,1,d1_auroc,0.5087000131607056
test,Pneumothorax__Support Devices,Pneumothorax,Support Devices,anchor_plus_relational_witness,anchor_plus_relational_witness|r=0.1|gamma=0.1,0.1,0.1,3,1,worst_nuisance_auroc,0.5087000131607056
test,Pneumothorax__Support Devices,Pneumothorax,Support Devices,anchor_plus_relational_witness,anchor_plus_relational_witness|r=0.1|gamma=0.1,0.1,0.1,3,1,border_max_fraction,0.2775000035762787
validate,Pneumothorax__Support Devices,Pneumothorax,Support Devices,anchor_plus_relational_witness,anchor_plus_relational_witness|r=0.1|gamma=0.1,0.1,0.1,3,2,auroc,0.5438249707221985
validate,Pneumothorax__Support Devices,Pneumothorax,Support Devices,anchor_plus_relational_witness,anchor_plus_relational_witness|r=0.1|gamma=0.1,0.1,0.1,3,2,auprc,0.516103982925415
validate,Pneumothorax__Support Devices,Pneumothorax,Support Devices,anchor_plus_relational_witness,anchor_plus_relational_witness|r=0.1|gamma=0.1,0.1,0.1,3,2,f1,0.6666666865348816
validate,Pneumothorax__Support Devices,Pneumothorax,Support Devices,anchor_plus_relational_witness,anchor_plus_relational_witness|r=0.1|gamma=0.1,0.1,0.1,3,2,brier,0.24996398389339447
validate,Pneumothorax__Support Devices,Pneumothorax,Support Devices,anchor_plus_relational_witness,anchor_plus_relational_witness|r=0.1|gamma=0.1,0.1,0.1,3,2,ece,0.007499396800994873
validate,Pneumothorax__Support Devices,Pneumothorax,Support Devices,anchor_plus_relational_witness,anchor_plus_relational_witness|r=0.1|gamma=0.1,0.1,0.1,3,2,sms_raw_logit,0.011135623790323734
validate,Pneumothorax__Support Devices,Pneumothorax,Support Devices,anchor_plus_relational_witness,anchor_plus_relational_witness|r=0.1|gamma=0.1,0.1,0.1,3,2,sms_fixed_reference,0.6062588095664978
validate,Pneumothorax__Support Devices,Pneumothorax,Support Devices,anchor_plus_relational_witness,anchor_plus_relational_witness|r=0.1|gamma=0.1,0.1,0.1,3,2,ranking_disagreement,0.4993358254432678
validate,Pneumothorax__Support Devices,Pneumothorax,Support Devices,anchor_plus_relational_witness,anchor_plus_relational_witness|r=0.1|gamma=0.1,0.1,0.1,3,2,support_swap_flip_rate,0.0
validate,Pneumothorax__Support Devices,Pneumothorax,Support Devices,anchor_plus_relational_witness,anchor_plus_relational_witness|r=0.1|gamma=0.1,0.1,0.1,3,2,d0_auroc,0.5564000010490417
validate,Pneumothorax__Support Devices,Pneumothorax,Support Devices,anchor_plus_relational_witness,anchor_plus_relational_witness|r=0.1|gamma=0.1,0.1,0.1,3,2,d1_auroc,0.5277000069618225
validate,Pneumothorax__Support Devices,Pneumothorax,Support Devices,anchor_plus_relational_witness,anchor_plus_relational_witness|r=0.1|gamma=0.1,0.1,0.1,3,2,worst_nuisance_auroc,0.5277000069618225
validate,Pneumothorax__Support Devices,Pneumothorax,Support Devices,anchor_plus_relational_witness,anchor_plus_relational_witness|r=0.1|gamma=0.1,0.1,0.1,3,2,border_max_fraction,0.27000001072883606
test,Pneumothorax__Support Devices,Pneumothorax,Support Devices,anchor_plus_relational_witness,anchor_plus_relational_witness|r=0.1|gamma=0.1,0.1,0.1,3,2,auroc,0.5490999817848206
test,Pneumothorax__Support Devices,Pneumothorax,Support Devices,anchor_plus_relational_witness,anchor_plus_relational_witness|r=0.1|gamma=0.1,0.1,0.1,3,2,auprc,0.5530484914779663
test,Pneumothorax__Support Devices,Pneumothorax,Support Devices,anchor_plus_relational_witness,anchor_plus_relational_witness|r=0.1|gamma=0.1,0.1,0.1,3,2,f1,0.6666666865348816
test,Pneumothorax__Support Devices,Pneumothorax,Support Devices,anchor_plus_relational_witness,anchor_plus_relational_witness|r=0.1|gamma=0.1,0.1,0.1,3,2,brier,0.24982868134975433
test,Pneumothorax__Support Devices,Pneumothorax,Support Devices,anchor_plus_relational_witness,anchor_plus_relational_witness|r=0.1|gamma=0.1,0.1,0.1,3,2,ece,0.007453978061676025
test,Pneumothorax__Support Devices,Pneumothorax,Support Devices,anchor_plus_relational_witness,anchor_plus_relational_witness|r=0.1|gamma=0.1,0.1,0.1,3,2,sms_raw_logit,0.012613086961209774
test,Pneumothorax__Support Devices,Pneumothorax,Support Devices,anchor_plus_relational_witness,anchor_plus_relational_witness|r=0.1|gamma=0.1,0.1,0.1,3,2,sms_fixed_reference,0.6407806873321533
test,Pneumothorax__Support Devices,Pneumothorax,Support Devices,anchor_plus_relational_witness,anchor_plus_relational_witness|r=0.1|gamma=0.1,0.1,0.1,3,2,ranking_disagreement,0.5169298052787781
test,Pneumothorax__Support Devices,Pneumothorax,Support Devices,anchor_plus_relational_witness,anchor_plus_relational_witness|r=0.1|gamma=0.1,0.1,0.1,3,2,support_swap_flip_rate,0.0
test,Pneumothorax__Support Devices,Pneumothorax,Support Devices,anchor_plus_relational_witness,anchor_plus_relational_witness|r=0.1|gamma=0.1,0.1,0.1,3,2,d0_auroc,0.5684000253677368
test,Pneumothorax__Support Devices,Pneumothorax,Support Devices,anchor_plus_relational_witness,anchor_plus_relational_witness|r=0.1|gamma=0.1,0.1,0.1,3,2,d1_auroc,0.5303000211715698
test,Pneumothorax__Support Devices,Pneumothorax,Support Devices,anchor_plus_relational_witness,anchor_plus_relational_witness|r=0.1|gamma=0.1,0.1,0.1,3,2,worst_nuisance_auroc,0.5303000211715698
test,Pneumothorax__Support Devices,Pneumothorax,Support Devices,anchor_plus_relational_witness,anchor_plus_relational_witness|r=0.1|gamma=0.1,0.1,0.1,3,2,border_max_fraction,0.17249999940395355
validate,Pneumothorax__Support Devices,Pneumothorax,Support Devices,anchor_plus_relational_witness,anchor_plus_relational_witness|r=0.1|gamma=0.1,0.1,0.1,3,3,auroc,0.5472999811172485
validate,Pneumothorax__Support Devices,Pneumothorax,Support Devices,anchor_plus_relational_witness,anchor_plus_relational_witness|r=0.1|gamma=0.1,0.1,0.1,3,3,auprc,0.5507498383522034
validate,Pneumothorax__Support Devices,Pneumothorax,Support Devices,anchor_plus_relational_witness,anchor_plus_relational_witness|r=0.1|gamma=0.1,0.1,0.1,3,3,f1,0.6666666865348816
validate,Pneumothorax__Support Devices,Pneumothorax,Support Devices,anchor_plus_relational_witness,anchor_plus_relational_witness|r=0.1|gamma=0.1,0.1,0.1,3,3,brier,0.24992921948432922
validate,Pneumothorax__Support Devices,Pneumothorax,Support Devices,anchor_plus_relational_witness,anchor_plus_relational_witness|r=0.1|gamma=0.1,0.1,0.1,3,3,ece,0.007561624050140381
validate,Pneumothorax__Support Devices,Pneumothorax,Support Devices,anchor_plus_relational_witness,anchor_plus_relational_witness|r=0.1|gamma=0.1,0.1,0.1,3,3,sms_raw_logit,0.01087012980133295
validate,Pneumothorax__Support Devices,Pneumothorax,Support Devices,anchor_plus_relational_witness,anchor_plus_relational_witness|r=0.1|gamma=0.1,0.1,0.1,3,3,sms_fixed_reference,0.5791529417037964
validate,Pneumothorax__Support Devices,Pneumothorax,Support Devices,anchor_plus_relational_witness,anchor_plus_relational_witness|r=0.1|gamma=0.1,0.1,0.1,3,3,ranking_disagreement,0.49955514073371887
validate,Pneumothorax__Support Devices,Pneumothorax,Support Devices,anchor_plus_relational_witness,anchor_plus_relational_witness|r=0.1|gamma=0.1,0.1,0.1,3,3,support_swap_flip_rate,0.0
validate,Pneumothorax__Support Devices,Pneumothorax,Support Devices,anchor_plus_relational_witness,anchor_plus_relational_witness|r=0.1|gamma=0.1,0.1,0.1,3,3,d0_auroc,0.541100025177002
validate,Pneumothorax__Support Devices,Pneumothorax,Support Devices,anchor_plus_relational_witness,anchor_plus_relational_witness|r=0.1|gamma=0.1,0.1,0.1,3,3,d1_auroc,0.5529000163078308
validate,Pneumothorax__Support Devices,Pneumothorax,Support Devices,anchor_plus_relational_witness,anchor_plus_relational_witness|r=0.1|gamma=0.1,0.1,0.1,3,3,worst_nuisance_auroc,0.541100025177002
validate,Pneumothorax__Support Devices,Pneumothorax,Support Devices,anchor_plus_relational_witness,anchor_plus_relational_witness|r=0.1|gamma=0.1,0.1,0.1,3,3,border_max_fraction,0.23499999940395355
test,Pneumothorax__Support Devices,Pneumothorax,Support Devices,anchor_plus_relational_witness,anchor_plus_relational_witness|r=0.1|gamma=0.1,0.1,0.1,3,3,auroc,0.5443249940872192
test,Pneumothorax__Support Devices,Pneumothorax,Support Devices,anchor_plus_relational_witness,anchor_plus_relational_witness|r=0.1|gamma=0.1,0.1,0.1,3,3,auprc,0.5682327151298523
test,Pneumothorax__Support Devices,Pneumothorax,Support Devices,anchor_plus_relational_witness,anchor_plus_relational_witness|r=0.1|gamma=0.1,0.1,0.1,3,3,f1,0.6666666865348816
test,Pneumothorax__Support Devices,Pneumothorax,Support Devices,anchor_plus_relational_witness,anchor_plus_relational_witness|r=0.1|gamma=0.1,0.1,0.1,3,3,brier,0.24987418949604034
test,Pneumothorax__Support Devices,Pneumothorax,Support Devices,anchor_plus_relational_witness,anchor_plus_relational_witness|r=0.1|gamma=0.1,0.1,0.1,3,3,ece,0.007821381092071533
test,Pneumothorax__Support Devices,Pneumothorax,Support Devices,anchor_plus_relational_witness,anchor_plus_relational_witness|r=0.1|gamma=0.1,0.1,0.1,3,3,sms_raw_logit,0.011292416602373123
test,Pneumothorax__Support Devices,Pneumothorax,Support Devices,anchor_plus_relational_witness,anchor_plus_relational_witness|r=0.1|gamma=0.1,0.1,0.1,3,3,sms_fixed_reference,0.566344678401947
test,Pneumothorax__Support Devices,Pneumothorax,Support Devices,anchor_plus_relational_witness,anchor_plus_relational_witness|r=0.1|gamma=0.1,0.1,0.1,3,3,ranking_disagreement,0.4897744357585907
test,Pneumothorax__Support Devices,Pneumothorax,Support Devices,anchor_plus_relational_witness,anchor_plus_relational_witness|r=0.1|gamma=0.1,0.1,0.1,3,3,support_swap_flip_rate,0.0
test,Pneumothorax__Support Devices,Pneumothorax,Support Devices,anchor_plus_relational_witness,anchor_plus_relational_witness|r=0.1|gamma=0.1,0.1,0.1,3,3,d0_auroc,0.5199000239372253
test,Pneumothorax__Support Devices,Pneumothorax,Support Devices,anchor_plus_relational_witness,anchor_plus_relational_witness|r=0.1|gamma=0.1,0.1,0.1,3,3,d1_auroc,0.5705000162124634
test,Pneumothorax__Support Devices,Pneumothorax,Support Devices,anchor_plus_relational_witness,anchor_plus_relational_witness|r=0.1|gamma=0.1,0.1,0.1,3,3,worst_nuisance_auroc,0.5199000239372253
test,Pneumothorax__Support Devices,Pneumothorax,Support Devices,anchor_plus_relational_witness,anchor_plus_relational_witness|r=0.1|gamma=0.1,0.1,0.1,3,3,border_max_fraction,0.2574999928474426
validate,Pneumothorax__Support Devices,Pneumothorax,Support Devices,anchor_plus_relational_witness,anchor_plus_relational_witness|r=0.1|gamma=0.1,0.1,0.1,3,4,auroc,0.5303500294685364
validate,Pneumothorax__Support Devices,Pneumothorax,Support Devices,anchor_plus_relational_witness,anchor_plus_relational_witness|r=0.1|gamma=0.1,0.1,0.1,3,4,auprc,0.5279836058616638
validate,Pneumothorax__Support Devices,Pneumothorax,Support Devices,anchor_plus_relational_witness,anchor_plus_relational_witness|r=0.1|gamma=0.1,0.1,0.1,3,4,f1,0.6666666865348816
validate,Pneumothorax__Support Devices,Pneumothorax,Support Devices,anchor_plus_relational_witness,anchor_plus_relational_witness|r=0.1|gamma=0.1,0.1,0.1,3,4,brier,0.24995353817939758
validate,Pneumothorax__Support Devices,Pneumothorax,Support Devices,anchor_plus_relational_witness,anchor_plus_relational_witness|r=0.1|gamma=0.1,0.1,0.1,3,4,ece,0.007769107818603516
validate,Pneumothorax__Support Devices,Pneumothorax,Support Devices,anchor_plus_relational_witness,anchor_plus_relational_witness|r=0.1|gamma=0.1,0.1,0.1,3,4,sms_raw_logit,0.011499064043164253
validate,Pneumothorax__Support Devices,Pneumothorax,Support Devices,anchor_plus_relational_witness,anchor_plus_relational_witness|r=0.1|gamma=0.1,0.1,0.1,3,4,sms_fixed_reference,0.6506044864654541
validate,Pneumothorax__Support Devices,Pneumothorax,Support Devices,anchor_plus_relational_witness,anchor_plus_relational_witness|r=0.1|gamma=0.1,0.1,0.1,3,4,ranking_disagreement,0.4828696846961975
validate,Pneumothorax__Support Devices,Pneumothorax,Support Devices,anchor_plus_relational_witness,anchor_plus_relational_witness|r=0.1|gamma=0.1,0.1,0.1,3,4,support_swap_flip_rate,0.0
validate,Pneumothorax__Support Devices,Pneumothorax,Support Devices,anchor_plus_relational_witness,anchor_plus_relational_witness|r=0.1|gamma=0.1,0.1,0.1,3,4,d0_auroc,0.4950999915599823
validate,Pneumothorax__Support Devices,Pneumothorax,Support Devices,anchor_plus_relational_witness,anchor_plus_relational_witness|r=0.1|gamma=0.1,0.1,0.1,3,4,d1_auroc,0.5651000142097473
validate,Pneumothorax__Support Devices,Pneumothorax,Support Devices,anchor_plus_relational_witness,anchor_plus_relational_witness|r=0.1|gamma=0.1,0.1,0.1,3,4,worst_nuisance_auroc,0.4950999915599823
validate,Pneumothorax__Support Devices,Pneumothorax,Support Devices,anchor_plus_relational_witness,anchor_plus_relational_witness|r=0.1|gamma=0.1,0.1,0.1,3,4,border_max_fraction,0.2874999940395355
test,Pneumothorax__Support Devices,Pneumothorax,Support Devices,anchor_plus_relational_witness,anchor_plus_relational_witness|r=0.1|gamma=0.1,0.1,0.1,3,4,auroc,0.5067874789237976
test,Pneumothorax__Support Devices,Pneumothorax,Support Devices,anchor_plus_relational_witness,anchor_plus_relational_witness|r=0.1|gamma=0.1,0.1,0.1,3,4,auprc,0.5053309798240662
test,Pneumothorax__Support Devices,Pneumothorax,Support Devices,anchor_plus_relational_witness,anchor_plus_relational_witness|r=0.1|gamma=0.1,0.1,0.1,3,4,f1,0.6666666865348816
test,Pneumothorax__Support Devices,Pneumothorax,Support Devices,anchor_plus_relational_witness,anchor_plus_relational_witness|r=0.1|gamma=0.1,0.1,0.1,3,4,brier,0.250033438205719
test,Pneumothorax__Support Devices,Pneumothorax,Support Devices,anchor_plus_relational_witness,anchor_plus_relational_witness|r=0.1|gamma=0.1,0.1,0.1,3,4,ece,0.0073920488357543945
test,Pneumothorax__Support Devices,Pneumothorax,Support Devices,anchor_plus_relational_witness,anchor_plus_relational_witness|r=0.1|gamma=0.1,0.1,0.1,3,4,sms_raw_logit,0.011632612906396389
test,Pneumothorax__Support Devices,Pneumothorax,Support Devices,anchor_plus_relational_witness,anchor_plus_relational_witness|r=0.1|gamma=0.1,0.1,0.1,3,4,sms_fixed_reference,0.6404780745506287
test,Pneumothorax__Support Devices,Pneumothorax,Support Devices,anchor_plus_relational_witness,anchor_plus_relational_witness|r=0.1|gamma=0.1,0.1,0.1,3,4,ranking_disagreement,0.4711403548717499
test,Pneumothorax__Support Devices,Pneumothorax,Support Devices,anchor_plus_relational_witness,anchor_plus_relational_witness|r=0.1|gamma=0.1,0.1,0.1,3,4,support_swap_flip_rate,0.0
test,Pneumothorax__Support Devices,Pneumothorax,Support Devices,anchor_plus_relational_witness,anchor_plus_relational_witness|r=0.1|gamma=0.1,0.1,0.1,3,4,d0_auroc,0.5073999762535095
test,Pneumothorax__Support Devices,Pneumothorax,Support Devices,anchor_plus_relational_witness,anchor_plus_relational_witness|r=0.1|gamma=0.1,0.1,0.1,3,4,d1_auroc,0.5091999769210815
test,Pneumothorax__Support Devices,Pneumothorax,Support Devices,anchor_plus_relational_witness,anchor_plus_relational_witness|r=0.1|gamma=0.1,0.1,0.1,3,4,worst_nuisance_auroc,0.5073999762535095
test,Pneumothorax__Support Devices,Pneumothorax,Support Devices,anchor_plus_relational_witness,anchor_plus_relational_witness|r=0.1|gamma=0.1,0.1,0.1,3,4,border_max_fraction,0.1899999976158142
validate,Pneumothorax__Support Devices,Pneumothorax,Support Devices,anchor_rho03,anchor_rho03,,,3,0,auroc,0.5842750072479248
validate,Pneumothorax__Support Devices,Pneumothorax,Support Devices,anchor_rho03,anchor_rho03,,,3,0,auprc,0.5715001225471497
validate,Pneumothorax__Support Devices,Pneumothorax,Support Devices,anchor_rho03,anchor_rho03,,,3,0,f1,0.6666666865348816
validate,Pneumothorax__Support Devices,Pneumothorax,Support Devices,anchor_rho03,anchor_rho03,,,3,0,brier,0.24611452221870422
validate,Pneumothorax__Support Devices,Pneumothorax,Support Devices,anchor_rho03,anchor_rho03,,,3,0,ece,0.00716383708640933
validate,Pneumothorax__Support Devices,Pneumothorax,Support Devices,anchor_rho03,anchor_rho03,,,3,0,sms_raw_logit,0.004611125681549311
validate,Pneumothorax__Support Devices,Pneumothorax,Support Devices,anchor_rho03,anchor_rho03,,,3,0,sms_fixed_reference,0.25179991126060486
validate,Pneumothorax__Support Devices,Pneumothorax,Support Devices,anchor_rho03,anchor_rho03,,,3,0,ranking_disagreement,0.46889057755470276
validate,Pneumothorax__Support Devices,Pneumothorax,Support Devices,anchor_rho03,anchor_rho03,,,3,0,support_swap_flip_rate,0.0
validate,Pneumothorax__Support Devices,Pneumothorax,Support Devices,anchor_rho03,anchor_rho03,,,3,0,d0_auroc,0.5645999908447266
validate,Pneumothorax__Support Devices,Pneumothorax,Support Devices,anchor_rho03,anchor_rho03,,,3,0,d1_auroc,0.60589998960495
validate,Pneumothorax__Support Devices,Pneumothorax,Support Devices,anchor_rho03,anchor_rho03,,,3,0,worst_nuisance_auroc,0.5645999908447266
validate,Pneumothorax__Support Devices,Pneumothorax,Support Devices,anchor_rho03,anchor_rho03,,,3,0,border_max_fraction,0.27250000834465027
test,Pneumothorax__Support Devices,Pneumothorax,Support Devices,anchor_rho03,anchor_rho03,,,3,0,auroc,0.5290499925613403
test,Pneumothorax__Support Devices,Pneumothorax,Support Devices,anchor_rho03,anchor_rho03,,,3,0,auprc,0.5307430028915405
test,Pneumothorax__Support Devices,Pneumothorax,Support Devices,anchor_rho03,anchor_rho03,,,3,0,f1,0.6666666865348816
test,Pneumothorax__Support Devices,Pneumothorax,Support Devices,anchor_rho03,anchor_rho03,,,3,0,brier,0.25035208463668823
test,Pneumothorax__Support Devices,Pneumothorax,Support Devices,anchor_rho03,anchor_rho03,,,3,0,ece,0.04556472599506378
test,Pneumothorax__Support Devices,Pneumothorax,Support Devices,anchor_rho03,anchor_rho03,,,3,0,sms_raw_logit,0.00473377387970686
test,Pneumothorax__Support Devices,Pneumothorax,Support Devices,anchor_rho03,anchor_rho03,,,3,0,sms_fixed_reference,0.2611567974090576
test,Pneumothorax__Support Devices,Pneumothorax,Support Devices,anchor_rho03,anchor_rho03,,,3,0,ranking_disagreement,0.5207333564758301
test,Pneumothorax__Support Devices,Pneumothorax,Support Devices,anchor_rho03,anchor_rho03,,,3,0,support_swap_flip_rate,0.0
test,Pneumothorax__Support Devices,Pneumothorax,Support Devices,anchor_rho03,anchor_rho03,,,3,0,d0_auroc,0.5526000261306763
test,Pneumothorax__Support Devices,Pneumothorax,Support Devices,anchor_rho03,anchor_rho03,,,3,0,d1_auroc,0.5037000179290771
test,Pneumothorax__Support Devices,Pneumothorax,Support Devices,anchor_rho03,anchor_rho03,,,3,0,worst_nuisance_auroc,0.5037000179290771
test,Pneumothorax__Support Devices,Pneumothorax,Support Devices,anchor_rho03,anchor_rho03,,,3,0,border_max_fraction,0.28999999165534973
validate,Pneumothorax__Support Devices,Pneumothorax,Support Devices,anchor_rho03,anchor_rho03,,,3,1,auroc,0.5504249930381775
validate,Pneumothorax__Support Devices,Pneumothorax,Support Devices,anchor_rho03,anchor_rho03,,,3,1,auprc,0.5427052974700928
validate,Pneumothorax__Support Devices,Pneumothorax,Support Devices,anchor_rho03,anchor_rho03,,,3,1,f1,0.6666666865348816
validate,Pneumothorax__Support Devices,Pneumothorax,Support Devices,anchor_rho03,anchor_rho03,,,3,1,brier,0.24791219830513
validate,Pneumothorax__Support Devices,Pneumothorax,Support Devices,anchor_rho03,anchor_rho03,,,3,1,ece,0.019637206569314003
validate,Pneumothorax__Support Devices,Pneumothorax,Support Devices,anchor_rho03,anchor_rho03,,,3,1,sms_raw_logit,0.004380290396511555
validate,Pneumothorax__Support Devices,Pneumothorax,Support Devices,anchor_rho03,anchor_rho03,,,3,1,sms_fixed_reference,0.2318057417869568
validate,Pneumothorax__Support Devices,Pneumothorax,Support Devices,anchor_rho03,anchor_rho03,,,3,1,ranking_disagreement,0.48817041516304016
validate,Pneumothorax__Support Devices,Pneumothorax,Support Devices,anchor_rho03,anchor_rho03,,,3,1,support_swap_flip_rate,0.0
validate,Pneumothorax__Support Devices,Pneumothorax,Support Devices,anchor_rho03,anchor_rho03,,,3,1,d0_auroc,0.5587999820709229
validate,Pneumothorax__Support Devices,Pneumothorax,Support Devices,anchor_rho03,anchor_rho03,,,3,1,d1_auroc,0.5439000129699707
validate,Pneumothorax__Support Devices,Pneumothorax,Support Devices,anchor_rho03,anchor_rho03,,,3,1,worst_nuisance_auroc,0.5439000129699707
validate,Pneumothorax__Support Devices,Pneumothorax,Support Devices,anchor_rho03,anchor_rho03,,,3,1,border_max_fraction,0.22750000655651093
test,Pneumothorax__Support Devices,Pneumothorax,Support Devices,anchor_rho03,anchor_rho03,,,3,1,auroc,0.5566499829292297
test,Pneumothorax__Support Devices,Pneumothorax,Support Devices,anchor_rho03,anchor_rho03,,,3,1,auprc,0.5355896353721619
test,Pneumothorax__Support Devices,Pneumothorax,Support Devices,anchor_rho03,anchor_rho03,,,3,1,f1,0.6666666865348816
test,Pneumothorax__Support Devices,Pneumothorax,Support Devices,anchor_rho03,anchor_rho03,,,3,1,brier,0.24851283431053162
test,Pneumothorax__Support Devices,Pneumothorax,Support Devices,anchor_rho03,anchor_rho03,,,3,1,ece,0.024757903069257736
test,Pneumothorax__Support Devices,Pneumothorax,Support Devices,anchor_rho03,anchor_rho03,,,3,1,sms_raw_logit,0.0042412132024765015
test,Pneumothorax__Support Devices,Pneumothorax,Support Devices,anchor_rho03,anchor_rho03,,,3,1,sms_fixed_reference,0.22440233826637268
test,Pneumothorax__Support Devices,Pneumothorax,Support Devices,anchor_rho03,anchor_rho03,,,3,1,ranking_disagreement,0.46892231702804565
test,Pneumothorax__Support Devices,Pneumothorax,Support Devices,anchor_rho03,anchor_rho03,,,3,1,support_swap_flip_rate,0.0
test,Pneumothorax__Support Devices,Pneumothorax,Support Devices,anchor_rho03,anchor_rho03,,,3,1,d0_auroc,0.5907999873161316
test,Pneumothorax__Support Devices,Pneumothorax,Support Devices,anchor_rho03,anchor_rho03,,,3,1,d1_auroc,0.5235000252723694
test,Pneumothorax__Support Devices,Pneumothorax,Support Devices,anchor_rho03,anchor_rho03,,,3,1,worst_nuisance_auroc,0.5235000252723694
test,Pneumothorax__Support Devices,Pneumothorax,Support Devices,anchor_rho03,anchor_rho03,,,3,1,border_max_fraction,0.28999999165534973
validate,Pneumothorax__Support Devices,Pneumothorax,Support Devices,anchor_rho03,anchor_rho03,,,3,2,auroc,0.5450500249862671
validate,Pneumothorax__Support Devices,Pneumothorax,Support Devices,anchor_rho03,anchor_rho03,,,3,2,auprc,0.5575326681137085
validate,Pneumothorax__Support Devices,Pneumothorax,Support Devices,anchor_rho03,anchor_rho03,,,3,2,f1,0.6688963174819946
validate,Pneumothorax__Support Devices,Pneumothorax,Support Devices,anchor_rho03,anchor_rho03,,,3,2,brier,0.24834300577640533
validate,Pneumothorax__Support Devices,Pneumothorax,Support Devices,anchor_rho03,anchor_rho03,,,3,2,ece,0.022521499544382095
validate,Pneumothorax__Support Devices,Pneumothorax,Support Devices,anchor_rho03,anchor_rho03,,,3,2,sms_raw_logit,0.0047188024036586285
validate,Pneumothorax__Support Devices,Pneumothorax,Support Devices,anchor_rho03,anchor_rho03,,,3,2,sms_fixed_reference,0.2569066286087036
validate,Pneumothorax__Support Devices,Pneumothorax,Support Devices,anchor_rho03,anchor_rho03,,,3,2,ranking_disagreement,0.4725313186645508
validate,Pneumothorax__Support Devices,Pneumothorax,Support Devices,anchor_rho03,anchor_rho03,,,3,2,support_swap_flip_rate,0.08749999850988388
validate,Pneumothorax__Support Devices,Pneumothorax,Support Devices,anchor_rho03,anchor_rho03,,,3,2,d0_auroc,0.5411999821662903
validate,Pneumothorax__Support Devices,Pneumothorax,Support Devices,anchor_rho03,anchor_rho03,,,3,2,d1_auroc,0.5519000291824341
validate,Pneumothorax__Support Devices,Pneumothorax,Support Devices,anchor_rho03,anchor_rho03,,,3,2,worst_nuisance_auroc,0.5411999821662903
validate,Pneumothorax__Support Devices,Pneumothorax,Support Devices,anchor_rho03,anchor_rho03,,,3,2,border_max_fraction,0.20250000059604645
test,Pneumothorax__Support Devices,Pneumothorax,Support Devices,anchor_rho03,anchor_rho03,,,3,2,auroc,0.5267000198364258
test,Pneumothorax__Support Devices,Pneumothorax,Support Devices,anchor_rho03,anchor_rho03,,,3,2,auprc,0.5322413444519043
test,Pneumothorax__Support Devices,Pneumothorax,Support Devices,anchor_rho03,anchor_rho03,,,3,2,f1,0.6655518412590027
test,Pneumothorax__Support Devices,Pneumothorax,Support Devices,anchor_rho03,anchor_rho03,,,3,2,brier,0.24911370873451233
test,Pneumothorax__Support Devices,Pneumothorax,Support Devices,anchor_rho03,anchor_rho03,,,3,2,ece,0.03491196036338806
test,Pneumothorax__Support Devices,Pneumothorax,Support Devices,anchor_rho03,anchor_rho03,,,3,2,sms_raw_logit,0.00567711191251874
test,Pneumothorax__Support Devices,Pneumothorax,Support Devices,anchor_rho03,anchor_rho03,,,3,2,sms_fixed_reference,0.2884134352207184
test,Pneumothorax__Support Devices,Pneumothorax,Support Devices,anchor_rho03,anchor_rho03,,,3,2,ranking_disagreement,0.5338847041130066
test,Pneumothorax__Support Devices,Pneumothorax,Support Devices,anchor_rho03,anchor_rho03,,,3,2,support_swap_flip_rate,0.08749999850988388
test,Pneumothorax__Support Devices,Pneumothorax,Support Devices,anchor_rho03,anchor_rho03,,,3,2,d0_auroc,0.5620999932289124
test,Pneumothorax__Support Devices,Pneumothorax,Support Devices,anchor_rho03,anchor_rho03,,,3,2,d1_auroc,0.4950000047683716
test,Pneumothorax__Support Devices,Pneumothorax,Support Devices,anchor_rho03,anchor_rho03,,,3,2,worst_nuisance_auroc,0.4950000047683716
test,Pneumothorax__Support Devices,Pneumothorax,Support Devices,anchor_rho03,anchor_rho03,,,3,2,border_max_fraction,0.20000000298023224
validate,Pneumothorax__Support Devices,Pneumothorax,Support Devices,anchor_rho03,anchor_rho03,,,3,3,auroc,0.5271250009536743
validate,Pneumothorax__Support Devices,Pneumothorax,Support Devices,anchor_rho03,anchor_rho03,,,3,3,auprc,0.539772093296051
validate,Pneumothorax__Support Devices,Pneumothorax,Support Devices,anchor_rho03,anchor_rho03,,,3,3,f1,0.6666666865348816
validate,Pneumothorax__Support Devices,Pneumothorax,Support Devices,anchor_rho03,anchor_rho03,,,3,3,brier,0.2495831698179245
validate,Pneumothorax__Support Devices,Pneumothorax,Support Devices,anchor_rho03,anchor_rho03,,,3,3,ece,0.002728514140471816
validate,Pneumothorax__Support Devices,Pneumothorax,Support Devices,anchor_rho03,anchor_rho03,,,3,3,sms_raw_logit,0.0043020169250667095
validate,Pneumothorax__Support Devices,Pneumothorax,Support Devices,anchor_rho03,anchor_rho03,,,3,3,sms_fixed_reference,0.22920845448970795
validate,Pneumothorax__Support Devices,Pneumothorax,Support Devices,anchor_rho03,anchor_rho03,,,3,3,ranking_disagreement,0.5048370957374573
validate,Pneumothorax__Support Devices,Pneumothorax,Support Devices,anchor_rho03,anchor_rho03,,,3,3,support_swap_flip_rate,0.0
validate,Pneumothorax__Support Devices,Pneumothorax,Support Devices,anchor_rho03,anchor_rho03,,,3,3,d0_auroc,0.5126000046730042
validate,Pneumothorax__Support Devices,Pneumothorax,Support Devices,anchor_rho03,anchor_rho03,,,3,3,d1_auroc,0.5473999977111816
validate,Pneumothorax__Support Devices,Pneumothorax,Support Devices,anchor_rho03,anchor_rho03,,,3,3,worst_nuisance_auroc,0.5126000046730042
validate,Pneumothorax__Support Devices,Pneumothorax,Support Devices,anchor_rho03,anchor_rho03,,,3,3,border_max_fraction,0.22499999403953552
test,Pneumothorax__Support Devices,Pneumothorax,Support Devices,anchor_rho03,anchor_rho03,,,3,3,auroc,0.5614625215530396
test,Pneumothorax__Support Devices,Pneumothorax,Support Devices,anchor_rho03,anchor_rho03,,,3,3,auprc,0.5747848153114319
test,Pneumothorax__Support Devices,Pneumothorax,Support Devices,anchor_rho03,anchor_rho03,,,3,3,f1,0.6666666865348816
test,Pneumothorax__Support Devices,Pneumothorax,Support Devices,anchor_rho03,anchor_rho03,,,3,3,brier,0.24837034940719604
test,Pneumothorax__Support Devices,Pneumothorax,Support Devices,anchor_rho03,anchor_rho03,,,3,3,ece,0.003487320151180029
test,Pneumothorax__Support Devices,Pneumothorax,Support Devices,anchor_rho03,anchor_rho03,,,3,3,sms_raw_logit,0.004142104182392359
test,Pneumothorax__Support Devices,Pneumothorax,Support Devices,anchor_rho03,anchor_rho03,,,3,3,sms_fixed_reference,0.207737535238266
test,Pneumothorax__Support Devices,Pneumothorax,Support Devices,anchor_rho03,anchor_rho03,,,3,3,ranking_disagreement,0.4604887366294861
test,Pneumothorax__Support Devices,Pneumothorax,Support Devices,anchor_rho03,anchor_rho03,,,3,3,support_swap_flip_rate,0.0
test,Pneumothorax__Support Devices,Pneumothorax,Support Devices,anchor_rho03,anchor_rho03,,,3,3,d0_auroc,0.5663999915122986
test,Pneumothorax__Support Devices,Pneumothorax,Support Devices,anchor_rho03,anchor_rho03,,,3,3,d1_auroc,0.5569000244140625
test,Pneumothorax__Support Devices,Pneumothorax,Support Devices,anchor_rho03,anchor_rho03,,,3,3,worst_nuisance_auroc,0.5569000244140625
test,Pneumothorax__Support Devices,Pneumothorax,Support Devices,anchor_rho03,anchor_rho03,,,3,3,border_max_fraction,0.2574999928474426
validate,Pneumothorax__Support Devices,Pneumothorax,Support Devices,anchor_rho03,anchor_rho03,,,3,4,auroc,0.5497499704360962
validate,Pneumothorax__Support Devices,Pneumothorax,Support Devices,anchor_rho03,anchor_rho03,,,3,4,auprc,0.5495307445526123
validate,Pneumothorax__Support Devices,Pneumothorax,Support Devices,anchor_rho03,anchor_rho03,,,3,4,f1,0.6666666865348816
validate,Pneumothorax__Support Devices,Pneumothorax,Support Devices,anchor_rho03,anchor_rho03,,,3,4,brier,0.24895422160625458
validate,Pneumothorax__Support Devices,Pneumothorax,Support Devices,anchor_rho03,anchor_rho03,,,3,4,ece,0.025175563991069794
validate,Pneumothorax__Support Devices,Pneumothorax,Support Devices,anchor_rho03,anchor_rho03,,,3,4,sms_raw_logit,0.005221187602728605
validate,Pneumothorax__Support Devices,Pneumothorax,Support Devices,anchor_rho03,anchor_rho03,,,3,4,sms_fixed_reference,0.29540908336639404
validate,Pneumothorax__Support Devices,Pneumothorax,Support Devices,anchor_rho03,anchor_rho03,,,3,4,ranking_disagreement,0.518202006816864
validate,Pneumothorax__Support Devices,Pneumothorax,Support Devices,anchor_rho03,anchor_rho03,,,3,4,support_swap_flip_rate,0.0
validate,Pneumothorax__Support Devices,Pneumothorax,Support Devices,anchor_rho03,anchor_rho03,,,3,4,d0_auroc,0.5496000051498413
validate,Pneumothorax__Support Devices,Pneumothorax,Support Devices,anchor_rho03,anchor_rho03,,,3,4,d1_auroc,0.551800012588501
validate,Pneumothorax__Support Devices,Pneumothorax,Support Devices,anchor_rho03,anchor_rho03,,,3,4,worst_nuisance_auroc,0.5496000051498413
validate,Pneumothorax__Support Devices,Pneumothorax,Support Devices,anchor_rho03,anchor_rho03,,,3,4,border_max_fraction,0.20749999582767487
test,Pneumothorax__Support Devices,Pneumothorax,Support Devices,anchor_rho03,anchor_rho03,,,3,4,auroc,0.5219500064849854
test,Pneumothorax__Support Devices,Pneumothorax,Support Devices,anchor_rho03,anchor_rho03,,,3,4,auprc,0.5193650722503662
test,Pneumothorax__Support Devices,Pneumothorax,Support Devices,anchor_rho03,anchor_rho03,,,3,4,f1,0.6666666865348816
test,Pneumothorax__Support Devices,Pneumothorax,Support Devices,anchor_rho03,anchor_rho03,,,3,4,brier,0.24991483986377716
test,Pneumothorax__Support Devices,Pneumothorax,Support Devices,anchor_rho03,anchor_rho03,,,3,4,ece,0.011363695375621319
test,Pneumothorax__Support Devices,Pneumothorax,Support Devices,anchor_rho03,anchor_rho03,,,3,4,sms_raw_logit,0.004909014794975519
test,Pneumothorax__Support Devices,Pneumothorax,Support Devices,anchor_rho03,anchor_rho03,,,3,4,sms_fixed_reference,0.27028462290763855
test,Pneumothorax__Support Devices,Pneumothorax,Support Devices,anchor_rho03,anchor_rho03,,,3,4,ranking_disagreement,0.467104434967041
test,Pneumothorax__Support Devices,Pneumothorax,Support Devices,anchor_rho03,anchor_rho03,,,3,4,support_swap_flip_rate,0.0
test,Pneumothorax__Support Devices,Pneumothorax,Support Devices,anchor_rho03,anchor_rho03,,,3,4,d0_auroc,0.5271999835968018
test,Pneumothorax__Support Devices,Pneumothorax,Support Devices,anchor_rho03,anchor_rho03,,,3,4,d1_auroc,0.5177000164985657
test,Pneumothorax__Support Devices,Pneumothorax,Support Devices,anchor_rho03,anchor_rho03,,,3,4,worst_nuisance_auroc,0.5177000164985657
test,Pneumothorax__Support Devices,Pneumothorax,Support Devices,anchor_rho03,anchor_rho03,,,3,4,border_max_fraction,0.19750000536441803
validate,Pneumothorax__Support Devices,Pneumothorax,Support Devices,dn4_hard_knn,dn4_hard_knn,,,3,0,auroc,0.5715000033378601
validate,Pneumothorax__Support Devices,Pneumothorax,Support Devices,dn4_hard_knn,dn4_hard_knn,,,3,0,auprc,0.5638998746871948
validate,Pneumothorax__Support Devices,Pneumothorax,Support Devices,dn4_hard_knn,dn4_hard_knn,,,3,0,f1,0.673434853553772
validate,Pneumothorax__Support Devices,Pneumothorax,Support Devices,dn4_hard_knn,dn4_hard_knn,,,3,0,brier,0.24582046270370483
validate,Pneumothorax__Support Devices,Pneumothorax,Support Devices,dn4_hard_knn,dn4_hard_knn,,,3,0,ece,0.034566041082143784
validate,Pneumothorax__Support Devices,Pneumothorax,Support Devices,dn4_hard_knn,dn4_hard_knn,,,3,0,sms_raw_logit,0.0390625
validate,Pneumothorax__Support Devices,Pneumothorax,Support Devices,dn4_hard_knn,dn4_hard_knn,,,3,0,sms_fixed_reference,2.133087158203125
validate,Pneumothorax__Support Devices,Pneumothorax,Support Devices,dn4_hard_knn,dn4_hard_knn,,,3,0,ranking_disagreement,0.46783655881881714
validate,Pneumothorax__Support Devices,Pneumothorax,Support Devices,dn4_hard_knn,dn4_hard_knn,,,3,0,support_swap_flip_rate,0.0925000011920929
validate,Pneumothorax__Support Devices,Pneumothorax,Support Devices,dn4_hard_knn,dn4_hard_knn,,,3,0,d0_auroc,0.588949978351593
validate,Pneumothorax__Support Devices,Pneumothorax,Support Devices,dn4_hard_knn,dn4_hard_knn,,,3,0,d1_auroc,0.5534999966621399
validate,Pneumothorax__Support Devices,Pneumothorax,Support Devices,dn4_hard_knn,dn4_hard_knn,,,3,0,worst_nuisance_auroc,0.5534999966621399
validate,Pneumothorax__Support Devices,Pneumothorax,Support Devices,dn4_hard_knn,dn4_hard_knn,,,3,0,border_max_fraction,0.10249999910593033
test,Pneumothorax__Support Devices,Pneumothorax,Support Devices,dn4_hard_knn,dn4_hard_knn,,,3,0,auroc,0.5107374787330627
test,Pneumothorax__Support Devices,Pneumothorax,Support Devices,dn4_hard_knn,dn4_hard_knn,,,3,0,auprc,0.5228968262672424
test,Pneumothorax__Support Devices,Pneumothorax,Support Devices,dn4_hard_knn,dn4_hard_knn,,,3,0,f1,0.6507666110992432
test,Pneumothorax__Support Devices,Pneumothorax,Support Devices,dn4_hard_knn,dn4_hard_knn,,,3,0,brier,0.2548418343067169
test,Pneumothorax__Support Devices,Pneumothorax,Support Devices,dn4_hard_knn,dn4_hard_knn,,,3,0,ece,0.03979796916246414
test,Pneumothorax__Support Devices,Pneumothorax,Support Devices,dn4_hard_knn,dn4_hard_knn,,,3,0,sms_raw_logit,0.04046630859375
test,Pneumothorax__Support Devices,Pneumothorax,Support Devices,dn4_hard_knn,dn4_hard_knn,,,3,0,sms_fixed_reference,2.2324793338775635
test,Pneumothorax__Support Devices,Pneumothorax,Support Devices,dn4_hard_knn,dn4_hard_knn,,,3,0,ranking_disagreement,0.5025193691253662
test,Pneumothorax__Support Devices,Pneumothorax,Support Devices,dn4_hard_knn,dn4_hard_knn,,,3,0,support_swap_flip_rate,0.12250000238418579
test,Pneumothorax__Support Devices,Pneumothorax,Support Devices,dn4_hard_knn,dn4_hard_knn,,,3,0,d0_auroc,0.5127999782562256
test,Pneumothorax__Support Devices,Pneumothorax,Support Devices,dn4_hard_knn,dn4_hard_knn,,,3,0,d1_auroc,0.5192499756813049
test,Pneumothorax__Support Devices,Pneumothorax,Support Devices,dn4_hard_knn,dn4_hard_knn,,,3,0,worst_nuisance_auroc,0.5127999782562256
test,Pneumothorax__Support Devices,Pneumothorax,Support Devices,dn4_hard_knn,dn4_hard_knn,,,3,0,border_max_fraction,0.11500000208616257
validate,Pneumothorax__Support Devices,Pneumothorax,Support Devices,dn4_hard_knn,dn4_hard_knn,,,3,1,auroc,0.5504500269889832
validate,Pneumothorax__Support Devices,Pneumothorax,Support Devices,dn4_hard_knn,dn4_hard_knn,,,3,1,auprc,0.5318662524223328
validate,Pneumothorax__Support Devices,Pneumothorax,Support Devices,dn4_hard_knn,dn4_hard_knn,,,3,1,f1,0.6863085031509399
validate,Pneumothorax__Support Devices,Pneumothorax,Support Devices,dn4_hard_knn,dn4_hard_knn,,,3,1,brier,0.24762317538261414
validate,Pneumothorax__Support Devices,Pneumothorax,Support Devices,dn4_hard_knn,dn4_hard_knn,,,3,1,ece,0.06205689534544945
validate,Pneumothorax__Support Devices,Pneumothorax,Support Devices,dn4_hard_knn,dn4_hard_knn,,,3,1,sms_raw_logit,0.042449951171875
validate,Pneumothorax__Support Devices,Pneumothorax,Support Devices,dn4_hard_knn,dn4_hard_knn,,,3,1,sms_fixed_reference,2.2464590072631836
validate,Pneumothorax__Support Devices,Pneumothorax,Support Devices,dn4_hard_knn,dn4_hard_knn,,,3,1,ranking_disagreement,0.5212383270263672
validate,Pneumothorax__Support Devices,Pneumothorax,Support Devices,dn4_hard_knn,dn4_hard_knn,,,3,1,support_swap_flip_rate,0.26750001311302185
validate,Pneumothorax__Support Devices,Pneumothorax,Support Devices,dn4_hard_knn,dn4_hard_knn,,,3,1,d0_auroc,0.5392000079154968
validate,Pneumothorax__Support Devices,Pneumothorax,Support Devices,dn4_hard_knn,dn4_hard_knn,,,3,1,d1_auroc,0.5602999925613403
validate,Pneumothorax__Support Devices,Pneumothorax,Support Devices,dn4_hard_knn,dn4_hard_knn,,,3,1,worst_nuisance_auroc,0.5392000079154968
validate,Pneumothorax__Support Devices,Pneumothorax,Support Devices,dn4_hard_knn,dn4_hard_knn,,,3,1,border_max_fraction,0.10249999910593033
test,Pneumothorax__Support Devices,Pneumothorax,Support Devices,dn4_hard_knn,dn4_hard_knn,,,3,1,auroc,0.5253999829292297
test,Pneumothorax__Support Devices,Pneumothorax,Support Devices,dn4_hard_knn,dn4_hard_knn,,,3,1,auprc,0.5182398557662964
test,Pneumothorax__Support Devices,Pneumothorax,Support Devices,dn4_hard_knn,dn4_hard_knn,,,3,1,f1,0.6548672318458557
test,Pneumothorax__Support Devices,Pneumothorax,Support Devices,dn4_hard_knn,dn4_hard_knn,,,3,1,brier,0.2517591416835785
test,Pneumothorax__Support Devices,Pneumothorax,Support Devices,dn4_hard_knn,dn4_hard_knn,,,3,1,ece,0.042177729308605194
test,Pneumothorax__Support Devices,Pneumothorax,Support Devices,dn4_hard_knn,dn4_hard_knn,,,3,1,sms_raw_logit,0.039581298828125
test,Pneumothorax__Support Devices,Pneumothorax,Support Devices,dn4_hard_knn,dn4_hard_knn,,,3,1,sms_fixed_reference,2.0942442417144775
test,Pneumothorax__Support Devices,Pneumothorax,Support Devices,dn4_hard_knn,dn4_hard_knn,,,3,1,ranking_disagreement,0.45627734065055847
test,Pneumothorax__Support Devices,Pneumothorax,Support Devices,dn4_hard_knn,dn4_hard_knn,,,3,1,support_swap_flip_rate,0.2199999988079071
test,Pneumothorax__Support Devices,Pneumothorax,Support Devices,dn4_hard_knn,dn4_hard_knn,,,3,1,d0_auroc,0.5579500198364258
test,Pneumothorax__Support Devices,Pneumothorax,Support Devices,dn4_hard_knn,dn4_hard_knn,,,3,1,d1_auroc,0.4896000027656555
test,Pneumothorax__Support Devices,Pneumothorax,Support Devices,dn4_hard_knn,dn4_hard_knn,,,3,1,worst_nuisance_auroc,0.4896000027656555
test,Pneumothorax__Support Devices,Pneumothorax,Support Devices,dn4_hard_knn,dn4_hard_knn,,,3,1,border_max_fraction,0.10000000149011612
validate,Pneumothorax__Support Devices,Pneumothorax,Support Devices,dn4_hard_knn,dn4_hard_knn,,,3,2,auroc,0.569100022315979
validate,Pneumothorax__Support Devices,Pneumothorax,Support Devices,dn4_hard_knn,dn4_hard_knn,,,3,2,auprc,0.5484689474105835
validate,Pneumothorax__Support Devices,Pneumothorax,Support Devices,dn4_hard_knn,dn4_hard_knn,,,3,2,f1,0.6677796244621277
validate,Pneumothorax__Support Devices,Pneumothorax,Support Devices,dn4_hard_knn,dn4_hard_knn,,,3,2,brier,0.24743622541427612
validate,Pneumothorax__Support Devices,Pneumothorax,Support Devices,dn4_hard_knn,dn4_hard_knn,,,3,2,ece,0.028563231229782104
validate,Pneumothorax__Support Devices,Pneumothorax,Support Devices,dn4_hard_knn,dn4_hard_knn,,,3,2,sms_raw_logit,0.0391845703125
validate,Pneumothorax__Support Devices,Pneumothorax,Support Devices,dn4_hard_knn,dn4_hard_knn,,,3,2,sms_fixed_reference,2.1333327293395996
validate,Pneumothorax__Support Devices,Pneumothorax,Support Devices,dn4_hard_knn,dn4_hard_knn,,,3,2,ranking_disagreement,0.4875915050506592
validate,Pneumothorax__Support Devices,Pneumothorax,Support Devices,dn4_hard_knn,dn4_hard_knn,,,3,2,support_swap_flip_rate,0.03500000014901161
validate,Pneumothorax__Support Devices,Pneumothorax,Support Devices,dn4_hard_knn,dn4_hard_knn,,,3,2,d0_auroc,0.5708000063896179
validate,Pneumothorax__Support Devices,Pneumothorax,Support Devices,dn4_hard_knn,dn4_hard_knn,,,3,2,d1_auroc,0.5658000111579895
validate,Pneumothorax__Support Devices,Pneumothorax,Support Devices,dn4_hard_knn,dn4_hard_knn,,,3,2,worst_nuisance_auroc,0.5658000111579895
validate,Pneumothorax__Support Devices,Pneumothorax,Support Devices,dn4_hard_knn,dn4_hard_knn,,,3,2,border_max_fraction,0.09749999642372131
test,Pneumothorax__Support Devices,Pneumothorax,Support Devices,dn4_hard_knn,dn4_hard_knn,,,3,2,auroc,0.5461875200271606
test,Pneumothorax__Support Devices,Pneumothorax,Support Devices,dn4_hard_knn,dn4_hard_knn,,,3,2,auprc,0.5257334113121033
test,Pneumothorax__Support Devices,Pneumothorax,Support Devices,dn4_hard_knn,dn4_hard_knn,,,3,2,f1,0.6666666865348816
test,Pneumothorax__Support Devices,Pneumothorax,Support Devices,dn4_hard_knn,dn4_hard_knn,,,3,2,brier,0.2476460337638855
test,Pneumothorax__Support Devices,Pneumothorax,Support Devices,dn4_hard_knn,dn4_hard_knn,,,3,2,ece,0.05346985161304474
test,Pneumothorax__Support Devices,Pneumothorax,Support Devices,dn4_hard_knn,dn4_hard_knn,,,3,2,sms_raw_logit,0.042510986328125
test,Pneumothorax__Support Devices,Pneumothorax,Support Devices,dn4_hard_knn,dn4_hard_knn,,,3,2,sms_fixed_reference,2.1596791744232178
test,Pneumothorax__Support Devices,Pneumothorax,Support Devices,dn4_hard_knn,dn4_hard_knn,,,3,2,ranking_disagreement,0.5208868384361267
test,Pneumothorax__Support Devices,Pneumothorax,Support Devices,dn4_hard_knn,dn4_hard_knn,,,3,2,support_swap_flip_rate,0.027499999850988388
test,Pneumothorax__Support Devices,Pneumothorax,Support Devices,dn4_hard_knn,dn4_hard_knn,,,3,2,d0_auroc,0.571150004863739
test,Pneumothorax__Support Devices,Pneumothorax,Support Devices,dn4_hard_knn,dn4_hard_knn,,,3,2,d1_auroc,0.5206500291824341
test,Pneumothorax__Support Devices,Pneumothorax,Support Devices,dn4_hard_knn,dn4_hard_knn,,,3,2,worst_nuisance_auroc,0.5206500291824341
test,Pneumothorax__Support Devices,Pneumothorax,Support Devices,dn4_hard_knn,dn4_hard_knn,,,3,2,border_max_fraction,0.09749999642372131
validate,Pneumothorax__Support Devices,Pneumothorax,Support Devices,dn4_hard_knn,dn4_hard_knn,,,3,3,auroc,0.5311999917030334
validate,Pneumothorax__Support Devices,Pneumothorax,Support Devices,dn4_hard_knn,dn4_hard_knn,,,3,3,auprc,0.5248681306838989
validate,Pneumothorax__Support Devices,Pneumothorax,Support Devices,dn4_hard_knn,dn4_hard_knn,,,3,3,f1,0.6666666865348816
validate,Pneumothorax__Support Devices,Pneumothorax,Support Devices,dn4_hard_knn,dn4_hard_knn,,,3,3,brier,0.24969637393951416
validate,Pneumothorax__Support Devices,Pneumothorax,Support Devices,dn4_hard_knn,dn4_hard_knn,,,3,3,ece,0.0011279296595603228
validate,Pneumothorax__Support Devices,Pneumothorax,Support Devices,dn4_hard_knn,dn4_hard_knn,,,3,3,sms_raw_logit,0.04241943359375
validate,Pneumothorax__Support Devices,Pneumothorax,Support Devices,dn4_hard_knn,dn4_hard_knn,,,3,3,sms_fixed_reference,2.260077714920044
validate,Pneumothorax__Support Devices,Pneumothorax,Support Devices,dn4_hard_knn,dn4_hard_knn,,,3,3,ranking_disagreement,0.4984583258628845
validate,Pneumothorax__Support Devices,Pneumothorax,Support Devices,dn4_hard_knn,dn4_hard_knn,,,3,3,support_swap_flip_rate,0.0
validate,Pneumothorax__Support Devices,Pneumothorax,Support Devices,dn4_hard_knn,dn4_hard_knn,,,3,3,d0_auroc,0.5314000248908997
validate,Pneumothorax__Support Devices,Pneumothorax,Support Devices,dn4_hard_knn,dn4_hard_knn,,,3,3,d1_auroc,0.5339999794960022
validate,Pneumothorax__Support Devices,Pneumothorax,Support Devices,dn4_hard_knn,dn4_hard_knn,,,3,3,worst_nuisance_auroc,0.5314000248908997
validate,Pneumothorax__Support Devices,Pneumothorax,Support Devices,dn4_hard_knn,dn4_hard_knn,,,3,3,border_max_fraction,0.13249999284744263
test,Pneumothorax__Support Devices,Pneumothorax,Support Devices,dn4_hard_knn,dn4_hard_knn,,,3,3,auroc,0.5285500288009644
test,Pneumothorax__Support Devices,Pneumothorax,Support Devices,dn4_hard_knn,dn4_hard_knn,,,3,3,auprc,0.5453172326087952
test,Pneumothorax__Support Devices,Pneumothorax,Support Devices,dn4_hard_knn,dn4_hard_knn,,,3,3,f1,0.6666666865348816
test,Pneumothorax__Support Devices,Pneumothorax,Support Devices,dn4_hard_knn,dn4_hard_knn,,,3,3,brier,0.24959993362426758
test,Pneumothorax__Support Devices,Pneumothorax,Support Devices,dn4_hard_knn,dn4_hard_knn,,,3,3,ece,0.004927381407469511
test,Pneumothorax__Support Devices,Pneumothorax,Support Devices,dn4_hard_knn,dn4_hard_knn,,,3,3,sms_raw_logit,0.04022216796875
test,Pneumothorax__Support Devices,Pneumothorax,Support Devices,dn4_hard_knn,dn4_hard_knn,,,3,3,sms_fixed_reference,2.0172486305236816
test,Pneumothorax__Support Devices,Pneumothorax,Support Devices,dn4_hard_knn,dn4_hard_knn,,,3,3,ranking_disagreement,0.46728503704071045
test,Pneumothorax__Support Devices,Pneumothorax,Support Devices,dn4_hard_knn,dn4_hard_knn,,,3,3,support_swap_flip_rate,0.0
test,Pneumothorax__Support Devices,Pneumothorax,Support Devices,dn4_hard_knn,dn4_hard_knn,,,3,3,d0_auroc,0.5135999917984009
test,Pneumothorax__Support Devices,Pneumothorax,Support Devices,dn4_hard_knn,dn4_hard_knn,,,3,3,d1_auroc,0.5422499775886536
test,Pneumothorax__Support Devices,Pneumothorax,Support Devices,dn4_hard_knn,dn4_hard_knn,,,3,3,worst_nuisance_auroc,0.5135999917984009
test,Pneumothorax__Support Devices,Pneumothorax,Support Devices,dn4_hard_knn,dn4_hard_knn,,,3,3,border_max_fraction,0.1274999976158142
validate,Pneumothorax__Support Devices,Pneumothorax,Support Devices,dn4_hard_knn,dn4_hard_knn,,,3,4,auroc,0.5636249780654907
validate,Pneumothorax__Support Devices,Pneumothorax,Support Devices,dn4_hard_knn,dn4_hard_knn,,,3,4,auprc,0.5504335761070251
validate,Pneumothorax__Support Devices,Pneumothorax,Support Devices,dn4_hard_knn,dn4_hard_knn,,,3,4,f1,0.6666666865348816
validate,Pneumothorax__Support Devices,Pneumothorax,Support Devices,dn4_hard_knn,dn4_hard_knn,,,3,4,brier,0.24721406400203705
validate,Pneumothorax__Support Devices,Pneumothorax,Support Devices,dn4_hard_knn,dn4_hard_knn,,,3,4,ece,0.04845946654677391
validate,Pneumothorax__Support Devices,Pneumothorax,Support Devices,dn4_hard_knn,dn4_hard_knn,,,3,4,sms_raw_logit,0.041046142578125
validate,Pneumothorax__Support Devices,Pneumothorax,Support Devices,dn4_hard_knn,dn4_hard_knn,,,3,4,sms_fixed_reference,2.3223459720611572
validate,Pneumothorax__Support Devices,Pneumothorax,Support Devices,dn4_hard_knn,dn4_hard_knn,,,3,4,ranking_disagreement,0.49941715598106384
validate,Pneumothorax__Support Devices,Pneumothorax,Support Devices,dn4_hard_knn,dn4_hard_knn,,,3,4,support_swap_flip_rate,0.0
validate,Pneumothorax__Support Devices,Pneumothorax,Support Devices,dn4_hard_knn,dn4_hard_knn,,,3,4,d0_auroc,0.5644500255584717
validate,Pneumothorax__Support Devices,Pneumothorax,Support Devices,dn4_hard_knn,dn4_hard_knn,,,3,4,d1_auroc,0.5653499960899353
validate,Pneumothorax__Support Devices,Pneumothorax,Support Devices,dn4_hard_knn,dn4_hard_knn,,,3,4,worst_nuisance_auroc,0.5644500255584717
validate,Pneumothorax__Support Devices,Pneumothorax,Support Devices,dn4_hard_knn,dn4_hard_knn,,,3,4,border_max_fraction,0.08500000089406967
test,Pneumothorax__Support Devices,Pneumothorax,Support Devices,dn4_hard_knn,dn4_hard_knn,,,3,4,auroc,0.5120624899864197
test,Pneumothorax__Support Devices,Pneumothorax,Support Devices,dn4_hard_knn,dn4_hard_knn,,,3,4,auprc,0.5245161652565002
test,Pneumothorax__Support Devices,Pneumothorax,Support Devices,dn4_hard_knn,dn4_hard_knn,,,3,4,f1,0.6666666865348816
test,Pneumothorax__Support Devices,Pneumothorax,Support Devices,dn4_hard_knn,dn4_hard_knn,,,3,4,brier,0.2529308795928955
test,Pneumothorax__Support Devices,Pneumothorax,Support Devices,dn4_hard_knn,dn4_hard_knn,,,3,4,ece,0.06159422546625137
test,Pneumothorax__Support Devices,Pneumothorax,Support Devices,dn4_hard_knn,dn4_hard_knn,,,3,4,sms_raw_logit,0.04022216796875
test,Pneumothorax__Support Devices,Pneumothorax,Support Devices,dn4_hard_knn,dn4_hard_knn,,,3,4,sms_fixed_reference,2.214585542678833
test,Pneumothorax__Support Devices,Pneumothorax,Support Devices,dn4_hard_knn,dn4_hard_knn,,,3,4,ranking_disagreement,0.4672223627567291
test,Pneumothorax__Support Devices,Pneumothorax,Support Devices,dn4_hard_knn,dn4_hard_knn,,,3,4,support_swap_flip_rate,0.0
test,Pneumothorax__Support Devices,Pneumothorax,Support Devices,dn4_hard_knn,dn4_hard_knn,,,3,4,d0_auroc,0.5163499712944031
test,Pneumothorax__Support Devices,Pneumothorax,Support Devices,dn4_hard_knn,dn4_hard_knn,,,3,4,d1_auroc,0.5053499937057495
test,Pneumothorax__Support Devices,Pneumothorax,Support Devices,dn4_hard_knn,dn4_hard_knn,,,3,4,worst_nuisance_auroc,0.5053499937057495
test,Pneumothorax__Support Devices,Pneumothorax,Support Devices,dn4_hard_knn,dn4_hard_knn,,,3,4,border_max_fraction,0.13249999284744263
validate,Pneumothorax__Support Devices,Pneumothorax,Support Devices,raw_witness,raw_witness|r=0.1,0.1,,3,0,auroc,0.5193125009536743
validate,Pneumothorax__Support Devices,Pneumothorax,Support Devices,raw_witness,raw_witness|r=0.1,0.1,,3,0,auprc,0.5122720003128052
validate,Pneumothorax__Support Devices,Pneumothorax,Support Devices,raw_witness,raw_witness|r=0.1,0.1,,3,0,f1,0.6666666865348816
validate,Pneumothorax__Support Devices,Pneumothorax,Support Devices,raw_witness,raw_witness|r=0.1,0.1,,3,0,brier,0.2500024735927582
validate,Pneumothorax__Support Devices,Pneumothorax,Support Devices,raw_witness,raw_witness|r=0.1,0.1,,3,0,ece,0.0068359375
validate,Pneumothorax__Support Devices,Pneumothorax,Support Devices,raw_witness,raw_witness|r=0.1,0.1,,3,0,sms_raw_logit,0.08099365234375
validate,Pneumothorax__Support Devices,Pneumothorax,Support Devices,raw_witness,raw_witness|r=0.1,0.1,,3,0,sms_fixed_reference,4.422822952270508
validate,Pneumothorax__Support Devices,Pneumothorax,Support Devices,raw_witness,raw_witness|r=0.1,0.1,,3,0,ranking_disagreement,0.47304728627204895
validate,Pneumothorax__Support Devices,Pneumothorax,Support Devices,raw_witness,raw_witness|r=0.1,0.1,,3,0,support_swap_flip_rate,0.0
validate,Pneumothorax__Support Devices,Pneumothorax,Support Devices,raw_witness,raw_witness|r=0.1,0.1,,3,0,d0_auroc,0.5400500297546387
validate,Pneumothorax__Support Devices,Pneumothorax,Support Devices,raw_witness,raw_witness|r=0.1,0.1,,3,0,d1_auroc,0.4963499903678894
validate,Pneumothorax__Support Devices,Pneumothorax,Support Devices,raw_witness,raw_witness|r=0.1,0.1,,3,0,worst_nuisance_auroc,0.4963499903678894
validate,Pneumothorax__Support Devices,Pneumothorax,Support Devices,raw_witness,raw_witness|r=0.1,0.1,,3,0,border_max_fraction,0.27000001072883606
test,Pneumothorax__Support Devices,Pneumothorax,Support Devices,raw_witness,raw_witness|r=0.1,0.1,,3,0,auroc,0.47808751463890076
test,Pneumothorax__Support Devices,Pneumothorax,Support Devices,raw_witness,raw_witness|r=0.1,0.1,,3,0,auprc,0.4807157814502716
test,Pneumothorax__Support Devices,Pneumothorax,Support Devices,raw_witness,raw_witness|r=0.1,0.1,,3,0,f1,0.6666666865348816
test,Pneumothorax__Support Devices,Pneumothorax,Support Devices,raw_witness,raw_witness|r=0.1,0.1,,3,0,brier,0.25013601779937744
test,Pneumothorax__Support Devices,Pneumothorax,Support Devices,raw_witness,raw_witness|r=0.1,0.1,,3,0,ece,0.0068359375
test,Pneumothorax__Support Devices,Pneumothorax,Support Devices,raw_witness,raw_witness|r=0.1,0.1,,3,0,sms_raw_logit,0.07879638671875
test,Pneumothorax__Support Devices,Pneumothorax,Support Devices,raw_witness,raw_witness|r=0.1,0.1,,3,0,sms_fixed_reference,4.347105026245117
test,Pneumothorax__Support Devices,Pneumothorax,Support Devices,raw_witness,raw_witness|r=0.1,0.1,,3,0,ranking_disagreement,0.49080410599708557
test,Pneumothorax__Support Devices,Pneumothorax,Support Devices,raw_witness,raw_witness|r=0.1,0.1,,3,0,support_swap_flip_rate,0.0
test,Pneumothorax__Support Devices,Pneumothorax,Support Devices,raw_witness,raw_witness|r=0.1,0.1,,3,0,d0_auroc,0.4846999943256378
test,Pneumothorax__Support Devices,Pneumothorax,Support Devices,raw_witness,raw_witness|r=0.1,0.1,,3,0,d1_auroc,0.4726499915122986
test,Pneumothorax__Support Devices,Pneumothorax,Support Devices,raw_witness,raw_witness|r=0.1,0.1,,3,0,worst_nuisance_auroc,0.4726499915122986
test,Pneumothorax__Support Devices,Pneumothorax,Support Devices,raw_witness,raw_witness|r=0.1,0.1,,3,0,border_max_fraction,0.2150000035762787
validate,Pneumothorax__Support Devices,Pneumothorax,Support Devices,raw_witness,raw_witness|r=0.1,0.1,,3,1,auroc,0.5250499844551086
validate,Pneumothorax__Support Devices,Pneumothorax,Support Devices,raw_witness,raw_witness|r=0.1,0.1,,3,1,auprc,0.5053491592407227
validate,Pneumothorax__Support Devices,Pneumothorax,Support Devices,raw_witness,raw_witness|r=0.1,0.1,,3,1,f1,0.6666666865348816
validate,Pneumothorax__Support Devices,Pneumothorax,Support Devices,raw_witness,raw_witness|r=0.1,0.1,,3,1,brier,0.25000038743019104
validate,Pneumothorax__Support Devices,Pneumothorax,Support Devices,raw_witness,raw_witness|r=0.1,0.1,,3,1,ece,0.0068359375
validate,Pneumothorax__Support Devices,Pneumothorax,Support Devices,raw_witness,raw_witness|r=0.1,0.1,,3,1,sms_raw_logit,0.088134765625
validate,Pneumothorax__Support Devices,Pneumothorax,Support Devices,raw_witness,raw_witness|r=0.1,0.1,,3,1,sms_fixed_reference,4.664107322692871
validate,Pneumothorax__Support Devices,Pneumothorax,Support Devices,raw_witness,raw_witness|r=0.1,0.1,,3,1,ranking_disagreement,0.47705361247062683
validate,Pneumothorax__Support Devices,Pneumothorax,Support Devices,raw_witness,raw_witness|r=0.1,0.1,,3,1,support_swap_flip_rate,0.0
validate,Pneumothorax__Support Devices,Pneumothorax,Support Devices,raw_witness,raw_witness|r=0.1,0.1,,3,1,d0_auroc,0.494049996137619
validate,Pneumothorax__Support Devices,Pneumothorax,Support Devices,raw_witness,raw_witness|r=0.1,0.1,,3,1,d1_auroc,0.5543000102043152
validate,Pneumothorax__Support Devices,Pneumothorax,Support Devices,raw_witness,raw_witness|r=0.1,0.1,,3,1,worst_nuisance_auroc,0.494049996137619
validate,Pneumothorax__Support Devices,Pneumothorax,Support Devices,raw_witness,raw_witness|r=0.1,0.1,,3,1,border_max_fraction,0.3149999976158142
test,Pneumothorax__Support Devices,Pneumothorax,Support Devices,raw_witness,raw_witness|r=0.1,0.1,,3,1,auroc,0.5414249897003174
test,Pneumothorax__Support Devices,Pneumothorax,Support Devices,raw_witness,raw_witness|r=0.1,0.1,,3,1,auprc,0.5537034869194031
test,Pneumothorax__Support Devices,Pneumothorax,Support Devices,raw_witness,raw_witness|r=0.1,0.1,,3,1,f1,0.6666666865348816
test,Pneumothorax__Support Devices,Pneumothorax,Support Devices,raw_witness,raw_witness|r=0.1,0.1,,3,1,brier,0.24990086257457733
test,Pneumothorax__Support Devices,Pneumothorax,Support Devices,raw_witness,raw_witness|r=0.1,0.1,,3,1,ece,0.00634765625
test,Pneumothorax__Support Devices,Pneumothorax,Support Devices,raw_witness,raw_witness|r=0.1,0.1,,3,1,sms_raw_logit,0.08929443359375
test,Pneumothorax__Support Devices,Pneumothorax,Support Devices,raw_witness,raw_witness|r=0.1,0.1,,3,1,sms_fixed_reference,4.724563121795654
test,Pneumothorax__Support Devices,Pneumothorax,Support Devices,raw_witness,raw_witness|r=0.1,0.1,,3,1,ranking_disagreement,0.4807620048522949
test,Pneumothorax__Support Devices,Pneumothorax,Support Devices,raw_witness,raw_witness|r=0.1,0.1,,3,1,support_swap_flip_rate,0.0
test,Pneumothorax__Support Devices,Pneumothorax,Support Devices,raw_witness,raw_witness|r=0.1,0.1,,3,1,d0_auroc,0.5598499774932861
test,Pneumothorax__Support Devices,Pneumothorax,Support Devices,raw_witness,raw_witness|r=0.1,0.1,,3,1,d1_auroc,0.5220500230789185
test,Pneumothorax__Support Devices,Pneumothorax,Support Devices,raw_witness,raw_witness|r=0.1,0.1,,3,1,worst_nuisance_auroc,0.5220500230789185
test,Pneumothorax__Support Devices,Pneumothorax,Support Devices,raw_witness,raw_witness|r=0.1,0.1,,3,1,border_max_fraction,0.20499999821186066
validate,Pneumothorax__Support Devices,Pneumothorax,Support Devices,raw_witness,raw_witness|r=0.1,0.1,,3,2,auroc,0.5271000266075134
validate,Pneumothorax__Support Devices,Pneumothorax,Support Devices,raw_witness,raw_witness|r=0.1,0.1,,3,2,auprc,0.5158563852310181
validate,Pneumothorax__Support Devices,Pneumothorax,Support Devices,raw_witness,raw_witness|r=0.1,0.1,,3,2,f1,0.6666666865348816
validate,Pneumothorax__Support Devices,Pneumothorax,Support Devices,raw_witness,raw_witness|r=0.1,0.1,,3,2,brier,0.24998092651367188
validate,Pneumothorax__Support Devices,Pneumothorax,Support Devices,raw_witness,raw_witness|r=0.1,0.1,,3,2,ece,0.0068359375
validate,Pneumothorax__Support Devices,Pneumothorax,Support Devices,raw_witness,raw_witness|r=0.1,0.1,,3,2,sms_raw_logit,0.08251953125
validate,Pneumothorax__Support Devices,Pneumothorax,Support Devices,raw_witness,raw_witness|r=0.1,0.1,,3,2,sms_fixed_reference,4.492625713348389
validate,Pneumothorax__Support Devices,Pneumothorax,Support Devices,raw_witness,raw_witness|r=0.1,0.1,,3,2,ranking_disagreement,0.4859187602996826
validate,Pneumothorax__Support Devices,Pneumothorax,Support Devices,raw_witness,raw_witness|r=0.1,0.1,,3,2,support_swap_flip_rate,0.0
validate,Pneumothorax__Support Devices,Pneumothorax,Support Devices,raw_witness,raw_witness|r=0.1,0.1,,3,2,d0_auroc,0.5537999868392944
validate,Pneumothorax__Support Devices,Pneumothorax,Support Devices,raw_witness,raw_witness|r=0.1,0.1,,3,2,d1_auroc,0.4993000030517578
validate,Pneumothorax__Support Devices,Pneumothorax,Support Devices,raw_witness,raw_witness|r=0.1,0.1,,3,2,worst_nuisance_auroc,0.4993000030517578
validate,Pneumothorax__Support Devices,Pneumothorax,Support Devices,raw_witness,raw_witness|r=0.1,0.1,,3,2,border_max_fraction,0.24500000476837158
test,Pneumothorax__Support Devices,Pneumothorax,Support Devices,raw_witness,raw_witness|r=0.1,0.1,,3,2,auroc,0.5472249984741211
test,Pneumothorax__Support Devices,Pneumothorax,Support Devices,raw_witness,raw_witness|r=0.1,0.1,,3,2,auprc,0.5542982816696167
test,Pneumothorax__Support Devices,Pneumothorax,Support Devices,raw_witness,raw_witness|r=0.1,0.1,,3,2,f1,0.6666666865348816
test,Pneumothorax__Support Devices,Pneumothorax,Support Devices,raw_witness,raw_witness|r=0.1,0.1,,3,2,brier,0.2498779445886612
test,Pneumothorax__Support Devices,Pneumothorax,Support Devices,raw_witness,raw_witness|r=0.1,0.1,,3,2,ece,0.0068359375
test,Pneumothorax__Support Devices,Pneumothorax,Support Devices,raw_witness,raw_witness|r=0.1,0.1,,3,2,sms_raw_logit,0.09619140625
test,Pneumothorax__Support Devices,Pneumothorax,Support Devices,raw_witness,raw_witness|r=0.1,0.1,,3,2,sms_fixed_reference,4.8867974281311035
test,Pneumothorax__Support Devices,Pneumothorax,Support Devices,raw_witness,raw_witness|r=0.1,0.1,,3,2,ranking_disagreement,0.49701231718063354
test,Pneumothorax__Support Devices,Pneumothorax,Support Devices,raw_witness,raw_witness|r=0.1,0.1,,3,2,support_swap_flip_rate,0.0
test,Pneumothorax__Support Devices,Pneumothorax,Support Devices,raw_witness,raw_witness|r=0.1,0.1,,3,2,d0_auroc,0.5723000168800354
test,Pneumothorax__Support Devices,Pneumothorax,Support Devices,raw_witness,raw_witness|r=0.1,0.1,,3,2,d1_auroc,0.5227000117301941
test,Pneumothorax__Support Devices,Pneumothorax,Support Devices,raw_witness,raw_witness|r=0.1,0.1,,3,2,worst_nuisance_auroc,0.5227000117301941
test,Pneumothorax__Support Devices,Pneumothorax,Support Devices,raw_witness,raw_witness|r=0.1,0.1,,3,2,border_max_fraction,0.2150000035762787
validate,Pneumothorax__Support Devices,Pneumothorax,Support Devices,raw_witness,raw_witness|r=0.1,0.1,,3,3,auroc,0.527525007724762
validate,Pneumothorax__Support Devices,Pneumothorax,Support Devices,raw_witness,raw_witness|r=0.1,0.1,,3,3,auprc,0.5225571393966675
validate,Pneumothorax__Support Devices,Pneumothorax,Support Devices,raw_witness,raw_witness|r=0.1,0.1,,3,3,f1,0.6666666865348816
validate,Pneumothorax__Support Devices,Pneumothorax,Support Devices,raw_witness,raw_witness|r=0.1,0.1,,3,3,brier,0.2499905377626419
validate,Pneumothorax__Support Devices,Pneumothorax,Support Devices,raw_witness,raw_witness|r=0.1,0.1,,3,3,ece,0.00634765625
validate,Pneumothorax__Support Devices,Pneumothorax,Support Devices,raw_witness,raw_witness|r=0.1,0.1,,3,3,sms_raw_logit,0.08282470703125
validate,Pneumothorax__Support Devices,Pneumothorax,Support Devices,raw_witness,raw_witness|r=0.1,0.1,,3,3,sms_fixed_reference,4.412842750549316
validate,Pneumothorax__Support Devices,Pneumothorax,Support Devices,raw_witness,raw_witness|r=0.1,0.1,,3,3,ranking_disagreement,0.4981354773044586
validate,Pneumothorax__Support Devices,Pneumothorax,Support Devices,raw_witness,raw_witness|r=0.1,0.1,,3,3,support_swap_flip_rate,0.0
validate,Pneumothorax__Support Devices,Pneumothorax,Support Devices,raw_witness,raw_witness|r=0.1,0.1,,3,3,d0_auroc,0.5358999967575073
validate,Pneumothorax__Support Devices,Pneumothorax,Support Devices,raw_witness,raw_witness|r=0.1,0.1,,3,3,d1_auroc,0.5187000036239624
validate,Pneumothorax__Support Devices,Pneumothorax,Support Devices,raw_witness,raw_witness|r=0.1,0.1,,3,3,worst_nuisance_auroc,0.5187000036239624
validate,Pneumothorax__Support Devices,Pneumothorax,Support Devices,raw_witness,raw_witness|r=0.1,0.1,,3,3,border_max_fraction,0.24500000476837158
test,Pneumothorax__Support Devices,Pneumothorax,Support Devices,raw_witness,raw_witness|r=0.1,0.1,,3,3,auroc,0.5194875001907349
test,Pneumothorax__Support Devices,Pneumothorax,Support Devices,raw_witness,raw_witness|r=0.1,0.1,,3,3,auprc,0.5331982374191284
test,Pneumothorax__Support Devices,Pneumothorax,Support Devices,raw_witness,raw_witness|r=0.1,0.1,,3,3,f1,0.6666666865348816
test,Pneumothorax__Support Devices,Pneumothorax,Support Devices,raw_witness,raw_witness|r=0.1,0.1,,3,3,brier,0.24998044967651367
test,Pneumothorax__Support Devices,Pneumothorax,Support Devices,raw_witness,raw_witness|r=0.1,0.1,,3,3,ece,0.0068359375
test,Pneumothorax__Support Devices,Pneumothorax,Support Devices,raw_witness,raw_witness|r=0.1,0.1,,3,3,sms_raw_logit,0.08856201171875
test,Pneumothorax__Support Devices,Pneumothorax,Support Devices,raw_witness,raw_witness|r=0.1,0.1,,3,3,sms_fixed_reference,4.441620349884033
test,Pneumothorax__Support Devices,Pneumothorax,Support Devices,raw_witness,raw_witness|r=0.1,0.1,,3,3,ranking_disagreement,0.4782297611236572
test,Pneumothorax__Support Devices,Pneumothorax,Support Devices,raw_witness,raw_witness|r=0.1,0.1,,3,3,support_swap_flip_rate,0.0
test,Pneumothorax__Support Devices,Pneumothorax,Support Devices,raw_witness,raw_witness|r=0.1,0.1,,3,3,d0_auroc,0.5076500177383423
test,Pneumothorax__Support Devices,Pneumothorax,Support Devices,raw_witness,raw_witness|r=0.1,0.1,,3,3,d1_auroc,0.5344499945640564
test,Pneumothorax__Support Devices,Pneumothorax,Support Devices,raw_witness,raw_witness|r=0.1,0.1,,3,3,worst_nuisance_auroc,0.5076500177383423
test,Pneumothorax__Support Devices,Pneumothorax,Support Devices,raw_witness,raw_witness|r=0.1,0.1,,3,3,border_max_fraction,0.2800000011920929
validate,Pneumothorax__Support Devices,Pneumothorax,Support Devices,raw_witness,raw_witness|r=0.1,0.1,,3,4,auroc,0.5231624841690063
validate,Pneumothorax__Support Devices,Pneumothorax,Support Devices,raw_witness,raw_witness|r=0.1,0.1,,3,4,auprc,0.5160579085350037
validate,Pneumothorax__Support Devices,Pneumothorax,Support Devices,raw_witness,raw_witness|r=0.1,0.1,,3,4,f1,0.6666666865348816
validate,Pneumothorax__Support Devices,Pneumothorax,Support Devices,raw_witness,raw_witness|r=0.1,0.1,,3,4,brier,0.2499983161687851
validate,Pneumothorax__Support Devices,Pneumothorax,Support Devices,raw_witness,raw_witness|r=0.1,0.1,,3,4,ece,0.0068359375
validate,Pneumothorax__Support Devices,Pneumothorax,Support Devices,raw_witness,raw_witness|r=0.1,0.1,,3,4,sms_raw_logit,0.0836181640625
validate,Pneumothorax__Support Devices,Pneumothorax,Support Devices,raw_witness,raw_witness|r=0.1,0.1,,3,4,sms_fixed_reference,4.731024265289307
validate,Pneumothorax__Support Devices,Pneumothorax,Support Devices,raw_witness,raw_witness|r=0.1,0.1,,3,4,ranking_disagreement,0.46174317598342896
validate,Pneumothorax__Support Devices,Pneumothorax,Support Devices,raw_witness,raw_witness|r=0.1,0.1,,3,4,support_swap_flip_rate,0.0
validate,Pneumothorax__Support Devices,Pneumothorax,Support Devices,raw_witness,raw_witness|r=0.1,0.1,,3,4,d0_auroc,0.4872500002384186
validate,Pneumothorax__Support Devices,Pneumothorax,Support Devices,raw_witness,raw_witness|r=0.1,0.1,,3,4,d1_auroc,0.5589500069618225
validate,Pneumothorax__Support Devices,Pneumothorax,Support Devices,raw_witness,raw_witness|r=0.1,0.1,,3,4,worst_nuisance_auroc,0.4872500002384186
validate,Pneumothorax__Support Devices,Pneumothorax,Support Devices,raw_witness,raw_witness|r=0.1,0.1,,3,4,border_max_fraction,0.26750001311302185
test,Pneumothorax__Support Devices,Pneumothorax,Support Devices,raw_witness,raw_witness|r=0.1,0.1,,3,4,auroc,0.5106375217437744
test,Pneumothorax__Support Devices,Pneumothorax,Support Devices,raw_witness,raw_witness|r=0.1,0.1,,3,4,auprc,0.5041991472244263
test,Pneumothorax__Support Devices,Pneumothorax,Support Devices,raw_witness,raw_witness|r=0.1,0.1,,3,4,f1,0.6666666865348816
test,Pneumothorax__Support Devices,Pneumothorax,Support Devices,raw_witness,raw_witness|r=0.1,0.1,,3,4,brier,0.25002986192703247
test,Pneumothorax__Support Devices,Pneumothorax,Support Devices,raw_witness,raw_witness|r=0.1,0.1,,3,4,ece,0.0068359375
test,Pneumothorax__Support Devices,Pneumothorax,Support Devices,raw_witness,raw_witness|r=0.1,0.1,,3,4,sms_raw_logit,0.08612060546875
test,Pneumothorax__Support Devices,Pneumothorax,Support Devices,raw_witness,raw_witness|r=0.1,0.1,,3,4,sms_fixed_reference,4.741700172424316
test,Pneumothorax__Support Devices,Pneumothorax,Support Devices,raw_witness,raw_witness|r=0.1,0.1,,3,4,ranking_disagreement,0.47638946771621704
test,Pneumothorax__Support Devices,Pneumothorax,Support Devices,raw_witness,raw_witness|r=0.1,0.1,,3,4,support_swap_flip_rate,0.0
test,Pneumothorax__Support Devices,Pneumothorax,Support Devices,raw_witness,raw_witness|r=0.1,0.1,,3,4,d0_auroc,0.5058500170707703
test,Pneumothorax__Support Devices,Pneumothorax,Support Devices,raw_witness,raw_witness|r=0.1,0.1,,3,4,d1_auroc,0.5173500180244446
test,Pneumothorax__Support Devices,Pneumothorax,Support Devices,raw_witness,raw_witness|r=0.1,0.1,,3,4,worst_nuisance_auroc,0.5058500170707703
test,Pneumothorax__Support Devices,Pneumothorax,Support Devices,raw_witness,raw_witness|r=0.1,0.1,,3,4,border_max_fraction,0.22750000655651093
validate,Pneumothorax__Support Devices,Pneumothorax,Support Devices,relational_witness,relational_witness|r=0.1,0.1,,3,0,auroc,0.5083500146865845
validate,Pneumothorax__Support Devices,Pneumothorax,Support Devices,relational_witness,relational_witness|r=0.1,0.1,,3,0,auprc,0.5040210485458374
validate,Pneumothorax__Support Devices,Pneumothorax,Support Devices,relational_witness,relational_witness|r=0.1,0.1,,3,0,f1,0.6666666865348816
validate,Pneumothorax__Support Devices,Pneumothorax,Support Devices,relational_witness,relational_witness|r=0.1,0.1,,3,0,brier,0.25004273653030396
validate,Pneumothorax__Support Devices,Pneumothorax,Support Devices,relational_witness,relational_witness|r=0.1,0.1,,3,0,ece,0.00732421875
validate,Pneumothorax__Support Devices,Pneumothorax,Support Devices,relational_witness,relational_witness|r=0.1,0.1,,3,0,sms_raw_logit,0.0836181640625
validate,Pneumothorax__Support Devices,Pneumothorax,Support Devices,relational_witness,relational_witness|r=0.1,0.1,,3,0,sms_fixed_reference,4.5661396980285645
validate,Pneumothorax__Support Devices,Pneumothorax,Support Devices,relational_witness,relational_witness|r=0.1,0.1,,3,0,ranking_disagreement,0.4892839789390564
validate,Pneumothorax__Support Devices,Pneumothorax,Support Devices,relational_witness,relational_witness|r=0.1,0.1,,3,0,support_swap_flip_rate,0.0
validate,Pneumothorax__Support Devices,Pneumothorax,Support Devices,relational_witness,relational_witness|r=0.1,0.1,,3,0,d0_auroc,0.5083000063896179
validate,Pneumothorax__Support Devices,Pneumothorax,Support Devices,relational_witness,relational_witness|r=0.1,0.1,,3,0,d1_auroc,0.5083000063896179
validate,Pneumothorax__Support Devices,Pneumothorax,Support Devices,relational_witness,relational_witness|r=0.1,0.1,,3,0,worst_nuisance_auroc,0.5083000063896179
validate,Pneumothorax__Support Devices,Pneumothorax,Support Devices,relational_witness,relational_witness|r=0.1,0.1,,3,0,border_max_fraction,0.29499998688697815
test,Pneumothorax__Support Devices,Pneumothorax,Support Devices,relational_witness,relational_witness|r=0.1,0.1,,3,0,auroc,0.4860999882221222
test,Pneumothorax__Support Devices,Pneumothorax,Support Devices,relational_witness,relational_witness|r=0.1,0.1,,3,0,auprc,0.4910818934440613
test,Pneumothorax__Support Devices,Pneumothorax,Support Devices,relational_witness,relational_witness|r=0.1,0.1,,3,0,f1,0.6666666865348816
test,Pneumothorax__Support Devices,Pneumothorax,Support Devices,relational_witness,relational_witness|r=0.1,0.1,,3,0,brier,0.250108927488327
test,Pneumothorax__Support Devices,Pneumothorax,Support Devices,relational_witness,relational_witness|r=0.1,0.1,,3,0,ece,0.00732421875
test,Pneumothorax__Support Devices,Pneumothorax,Support Devices,relational_witness,relational_witness|r=0.1,0.1,,3,0,sms_raw_logit,0.08099365234375
test,Pneumothorax__Support Devices,Pneumothorax,Support Devices,relational_witness,relational_witness|r=0.1,0.1,,3,0,sms_fixed_reference,4.468325614929199
test,Pneumothorax__Support Devices,Pneumothorax,Support Devices,relational_witness,relational_witness|r=0.1,0.1,,3,0,ranking_disagreement,0.4788748323917389
test,Pneumothorax__Support Devices,Pneumothorax,Support Devices,relational_witness,relational_witness|r=0.1,0.1,,3,0,support_swap_flip_rate,0.0
test,Pneumothorax__Support Devices,Pneumothorax,Support Devices,relational_witness,relational_witness|r=0.1,0.1,,3,0,d0_auroc,0.5
test,Pneumothorax__Support Devices,Pneumothorax,Support Devices,relational_witness,relational_witness|r=0.1,0.1,,3,0,d1_auroc,0.4700999855995178
test,Pneumothorax__Support Devices,Pneumothorax,Support Devices,relational_witness,relational_witness|r=0.1,0.1,,3,0,worst_nuisance_auroc,0.4700999855995178
test,Pneumothorax__Support Devices,Pneumothorax,Support Devices,relational_witness,relational_witness|r=0.1,0.1,,3,0,border_max_fraction,0.2524999976158142
validate,Pneumothorax__Support Devices,Pneumothorax,Support Devices,relational_witness,relational_witness|r=0.1,0.1,,3,1,auroc,0.502037525177002
validate,Pneumothorax__Support Devices,Pneumothorax,Support Devices,relational_witness,relational_witness|r=0.1,0.1,,3,1,auprc,0.5009651184082031
validate,Pneumothorax__Support Devices,Pneumothorax,Support Devices,relational_witness,relational_witness|r=0.1,0.1,,3,1,f1,0.6666666865348816
validate,Pneumothorax__Support Devices,Pneumothorax,Support Devices,relational_witness,relational_witness|r=0.1,0.1,,3,1,brier,0.25004687905311584
validate,Pneumothorax__Support Devices,Pneumothorax,Support Devices,relational_witness,relational_witness|r=0.1,0.1,,3,1,ece,0.00732421875
validate,Pneumothorax__Support Devices,Pneumothorax,Support Devices,relational_witness,relational_witness|r=0.1,0.1,,3,1,sms_raw_logit,0.092041015625
validate,Pneumothorax__Support Devices,Pneumothorax,Support Devices,relational_witness,relational_witness|r=0.1,0.1,,3,1,sms_fixed_reference,4.870826721191406
validate,Pneumothorax__Support Devices,Pneumothorax,Support Devices,relational_witness,relational_witness|r=0.1,0.1,,3,1,ranking_disagreement,0.496277779340744
validate,Pneumothorax__Support Devices,Pneumothorax,Support Devices,relational_witness,relational_witness|r=0.1,0.1,,3,1,support_swap_flip_rate,0.0
validate,Pneumothorax__Support Devices,Pneumothorax,Support Devices,relational_witness,relational_witness|r=0.1,0.1,,3,1,d0_auroc,0.47600001096725464
validate,Pneumothorax__Support Devices,Pneumothorax,Support Devices,relational_witness,relational_witness|r=0.1,0.1,,3,1,d1_auroc,0.5289999842643738
validate,Pneumothorax__Support Devices,Pneumothorax,Support Devices,relational_witness,relational_witness|r=0.1,0.1,,3,1,worst_nuisance_auroc,0.47600001096725464
validate,Pneumothorax__Support Devices,Pneumothorax,Support Devices,relational_witness,relational_witness|r=0.1,0.1,,3,1,border_max_fraction,0.3199999928474426
test,Pneumothorax__Support Devices,Pneumothorax,Support Devices,relational_witness,relational_witness|r=0.1,0.1,,3,1,auroc,0.5136625170707703
test,Pneumothorax__Support Devices,Pneumothorax,Support Devices,relational_witness,relational_witness|r=0.1,0.1,,3,1,auprc,0.5392905473709106
test,Pneumothorax__Support Devices,Pneumothorax,Support Devices,relational_witness,relational_witness|r=0.1,0.1,,3,1,f1,0.6666666865348816
test,Pneumothorax__Support Devices,Pneumothorax,Support Devices,relational_witness,relational_witness|r=0.1,0.1,,3,1,brier,0.24998237192630768
test,Pneumothorax__Support Devices,Pneumothorax,Support Devices,relational_witness,relational_witness|r=0.1,0.1,,3,1,ece,0.00732421875
test,Pneumothorax__Support Devices,Pneumothorax,Support Devices,relational_witness,relational_witness|r=0.1,0.1,,3,1,sms_raw_logit,0.086669921875
test,Pneumothorax__Support Devices,Pneumothorax,Support Devices,relational_witness,relational_witness|r=0.1,0.1,,3,1,sms_fixed_reference,4.585700511932373
test,Pneumothorax__Support Devices,Pneumothorax,Support Devices,relational_witness,relational_witness|r=0.1,0.1,,3,1,ranking_disagreement,0.4751892387866974
test,Pneumothorax__Support Devices,Pneumothorax,Support Devices,relational_witness,relational_witness|r=0.1,0.1,,3,1,support_swap_flip_rate,0.0
test,Pneumothorax__Support Devices,Pneumothorax,Support Devices,relational_witness,relational_witness|r=0.1,0.1,,3,1,d0_auroc,0.527649998664856
test,Pneumothorax__Support Devices,Pneumothorax,Support Devices,relational_witness,relational_witness|r=0.1,0.1,,3,1,d1_auroc,0.49935001134872437
test,Pneumothorax__Support Devices,Pneumothorax,Support Devices,relational_witness,relational_witness|r=0.1,0.1,,3,1,worst_nuisance_auroc,0.49935001134872437
test,Pneumothorax__Support Devices,Pneumothorax,Support Devices,relational_witness,relational_witness|r=0.1,0.1,,3,1,border_max_fraction,0.2775000035762787
validate,Pneumothorax__Support Devices,Pneumothorax,Support Devices,relational_witness,relational_witness|r=0.1,0.1,,3,2,auroc,0.524399995803833
validate,Pneumothorax__Support Devices,Pneumothorax,Support Devices,relational_witness,relational_witness|r=0.1,0.1,,3,2,auprc,0.5055174231529236
validate,Pneumothorax__Support Devices,Pneumothorax,Support Devices,relational_witness,relational_witness|r=0.1,0.1,,3,2,f1,0.6666666865348816
validate,Pneumothorax__Support Devices,Pneumothorax,Support Devices,relational_witness,relational_witness|r=0.1,0.1,,3,2,brier,0.2500317096710205
validate,Pneumothorax__Support Devices,Pneumothorax,Support Devices,relational_witness,relational_witness|r=0.1,0.1,,3,2,ece,0.00732421875
validate,Pneumothorax__Support Devices,Pneumothorax,Support Devices,relational_witness,relational_witness|r=0.1,0.1,,3,2,sms_raw_logit,0.08062744140625
validate,Pneumothorax__Support Devices,Pneumothorax,Support Devices,relational_witness,relational_witness|r=0.1,0.1,,3,2,sms_fixed_reference,4.389614582061768
validate,Pneumothorax__Support Devices,Pneumothorax,Support Devices,relational_witness,relational_witness|r=0.1,0.1,,3,2,ranking_disagreement,0.4823773205280304
validate,Pneumothorax__Support Devices,Pneumothorax,Support Devices,relational_witness,relational_witness|r=0.1,0.1,,3,2,support_swap_flip_rate,0.0
validate,Pneumothorax__Support Devices,Pneumothorax,Support Devices,relational_witness,relational_witness|r=0.1,0.1,,3,2,d0_auroc,0.5533000230789185
validate,Pneumothorax__Support Devices,Pneumothorax,Support Devices,relational_witness,relational_witness|r=0.1,0.1,,3,2,d1_auroc,0.49950000643730164
validate,Pneumothorax__Support Devices,Pneumothorax,Support Devices,relational_witness,relational_witness|r=0.1,0.1,,3,2,worst_nuisance_auroc,0.49950000643730164
validate,Pneumothorax__Support Devices,Pneumothorax,Support Devices,relational_witness,relational_witness|r=0.1,0.1,,3,2,border_max_fraction,0.27000001072883606
test,Pneumothorax__Support Devices,Pneumothorax,Support Devices,relational_witness,relational_witness|r=0.1,0.1,,3,2,auroc,0.5580250024795532
test,Pneumothorax__Support Devices,Pneumothorax,Support Devices,relational_witness,relational_witness|r=0.1,0.1,,3,2,auprc,0.54841548204422
test,Pneumothorax__Support Devices,Pneumothorax,Support Devices,relational_witness,relational_witness|r=0.1,0.1,,3,2,f1,0.6666666865348816
test,Pneumothorax__Support Devices,Pneumothorax,Support Devices,relational_witness,relational_witness|r=0.1,0.1,,3,2,brier,0.24987901747226715
test,Pneumothorax__Support Devices,Pneumothorax,Support Devices,relational_witness,relational_witness|r=0.1,0.1,,3,2,ece,0.00732421875
test,Pneumothorax__Support Devices,Pneumothorax,Support Devices,relational_witness,relational_witness|r=0.1,0.1,,3,2,sms_raw_logit,0.092529296875
test,Pneumothorax__Support Devices,Pneumothorax,Support Devices,relational_witness,relational_witness|r=0.1,0.1,,3,2,sms_fixed_reference,4.700751781463623
test,Pneumothorax__Support Devices,Pneumothorax,Support Devices,relational_witness,relational_witness|r=0.1,0.1,,3,2,ranking_disagreement,0.4971698224544525
test,Pneumothorax__Support Devices,Pneumothorax,Support Devices,relational_witness,relational_witness|r=0.1,0.1,,3,2,support_swap_flip_rate,0.0
test,Pneumothorax__Support Devices,Pneumothorax,Support Devices,relational_witness,relational_witness|r=0.1,0.1,,3,2,d0_auroc,0.5684499740600586
test,Pneumothorax__Support Devices,Pneumothorax,Support Devices,relational_witness,relational_witness|r=0.1,0.1,,3,2,d1_auroc,0.5473999977111816
test,Pneumothorax__Support Devices,Pneumothorax,Support Devices,relational_witness,relational_witness|r=0.1,0.1,,3,2,worst_nuisance_auroc,0.5473999977111816
test,Pneumothorax__Support Devices,Pneumothorax,Support Devices,relational_witness,relational_witness|r=0.1,0.1,,3,2,border_max_fraction,0.17249999940395355
validate,Pneumothorax__Support Devices,Pneumothorax,Support Devices,relational_witness,relational_witness|r=0.1,0.1,,3,3,auroc,0.5442500114440918
validate,Pneumothorax__Support Devices,Pneumothorax,Support Devices,relational_witness,relational_witness|r=0.1,0.1,,3,3,auprc,0.5404739379882812
validate,Pneumothorax__Support Devices,Pneumothorax,Support Devices,relational_witness,relational_witness|r=0.1,0.1,,3,3,f1,0.6666666865348816
validate,Pneumothorax__Support Devices,Pneumothorax,Support Devices,relational_witness,relational_witness|r=0.1,0.1,,3,3,brier,0.2499571293592453
validate,Pneumothorax__Support Devices,Pneumothorax,Support Devices,relational_witness,relational_witness|r=0.1,0.1,,3,3,ece,0.00732421875
validate,Pneumothorax__Support Devices,Pneumothorax,Support Devices,relational_witness,relational_witness|r=0.1,0.1,,3,3,sms_raw_logit,0.08099365234375
validate,Pneumothorax__Support Devices,Pneumothorax,Support Devices,relational_witness,relational_witness|r=0.1,0.1,,3,3,sms_fixed_reference,4.3152852058410645
validate,Pneumothorax__Support Devices,Pneumothorax,Support Devices,relational_witness,relational_witness|r=0.1,0.1,,3,3,ranking_disagreement,0.49284827709198
validate,Pneumothorax__Support Devices,Pneumothorax,Support Devices,relational_witness,relational_witness|r=0.1,0.1,,3,3,support_swap_flip_rate,0.0
validate,Pneumothorax__Support Devices,Pneumothorax,Support Devices,relational_witness,relational_witness|r=0.1,0.1,,3,3,d0_auroc,0.5367500185966492
validate,Pneumothorax__Support Devices,Pneumothorax,Support Devices,relational_witness,relational_witness|r=0.1,0.1,,3,3,d1_auroc,0.5515999794006348
validate,Pneumothorax__Support Devices,Pneumothorax,Support Devices,relational_witness,relational_witness|r=0.1,0.1,,3,3,worst_nuisance_auroc,0.5367500185966492
validate,Pneumothorax__Support Devices,Pneumothorax,Support Devices,relational_witness,relational_witness|r=0.1,0.1,,3,3,border_max_fraction,0.23499999940395355
test,Pneumothorax__Support Devices,Pneumothorax,Support Devices,relational_witness,relational_witness|r=0.1,0.1,,3,3,auroc,0.5316374897956848
test,Pneumothorax__Support Devices,Pneumothorax,Support Devices,relational_witness,relational_witness|r=0.1,0.1,,3,3,auprc,0.5413342714309692
test,Pneumothorax__Support Devices,Pneumothorax,Support Devices,relational_witness,relational_witness|r=0.1,0.1,,3,3,f1,0.6666666865348816
test,Pneumothorax__Support Devices,Pneumothorax,Support Devices,relational_witness,relational_witness|r=0.1,0.1,,3,3,brier,0.24995118379592896
test,Pneumothorax__Support Devices,Pneumothorax,Support Devices,relational_witness,relational_witness|r=0.1,0.1,,3,3,ece,0.0078125
test,Pneumothorax__Support Devices,Pneumothorax,Support Devices,relational_witness,relational_witness|r=0.1,0.1,,3,3,sms_raw_logit,0.0902099609375
test,Pneumothorax__Support Devices,Pneumothorax,Support Devices,relational_witness,relational_witness|r=0.1,0.1,,3,3,sms_fixed_reference,4.524269104003906
test,Pneumothorax__Support Devices,Pneumothorax,Support Devices,relational_witness,relational_witness|r=0.1,0.1,,3,3,ranking_disagreement,0.498487651348114
test,Pneumothorax__Support Devices,Pneumothorax,Support Devices,relational_witness,relational_witness|r=0.1,0.1,,3,3,support_swap_flip_rate,0.0
test,Pneumothorax__Support Devices,Pneumothorax,Support Devices,relational_witness,relational_witness|r=0.1,0.1,,3,3,d0_auroc,0.5080999732017517
test,Pneumothorax__Support Devices,Pneumothorax,Support Devices,relational_witness,relational_witness|r=0.1,0.1,,3,3,d1_auroc,0.557699978351593
test,Pneumothorax__Support Devices,Pneumothorax,Support Devices,relational_witness,relational_witness|r=0.1,0.1,,3,3,worst_nuisance_auroc,0.5080999732017517
test,Pneumothorax__Support Devices,Pneumothorax,Support Devices,relational_witness,relational_witness|r=0.1,0.1,,3,3,border_max_fraction,0.2574999928474426
validate,Pneumothorax__Support Devices,Pneumothorax,Support Devices,relational_witness,relational_witness|r=0.1,0.1,,3,4,auroc,0.5206124782562256
validate,Pneumothorax__Support Devices,Pneumothorax,Support Devices,relational_witness,relational_witness|r=0.1,0.1,,3,4,auprc,0.5188515782356262
validate,Pneumothorax__Support Devices,Pneumothorax,Support Devices,relational_witness,relational_witness|r=0.1,0.1,,3,4,f1,0.6666666865348816
validate,Pneumothorax__Support Devices,Pneumothorax,Support Devices,relational_witness,relational_witness|r=0.1,0.1,,3,4,brier,0.24999815225601196
validate,Pneumothorax__Support Devices,Pneumothorax,Support Devices,relational_witness,relational_witness|r=0.1,0.1,,3,4,ece,0.0078125
validate,Pneumothorax__Support Devices,Pneumothorax,Support Devices,relational_witness,relational_witness|r=0.1,0.1,,3,4,sms_raw_logit,0.08026123046875
validate,Pneumothorax__Support Devices,Pneumothorax,Support Devices,relational_witness,relational_witness|r=0.1,0.1,,3,4,sms_fixed_reference,4.541092872619629
validate,Pneumothorax__Support Devices,Pneumothorax,Support Devices,relational_witness,relational_witness|r=0.1,0.1,,3,4,ranking_disagreement,0.4541608691215515
validate,Pneumothorax__Support Devices,Pneumothorax,Support Devices,relational_witness,relational_witness|r=0.1,0.1,,3,4,support_swap_flip_rate,0.0
validate,Pneumothorax__Support Devices,Pneumothorax,Support Devices,relational_witness,relational_witness|r=0.1,0.1,,3,4,d0_auroc,0.4848499894142151
validate,Pneumothorax__Support Devices,Pneumothorax,Support Devices,relational_witness,relational_witness|r=0.1,0.1,,3,4,d1_auroc,0.5549499988555908
validate,Pneumothorax__Support Devices,Pneumothorax,Support Devices,relational_witness,relational_witness|r=0.1,0.1,,3,4,worst_nuisance_auroc,0.4848499894142151
validate,Pneumothorax__Support Devices,Pneumothorax,Support Devices,relational_witness,relational_witness|r=0.1,0.1,,3,4,border_max_fraction,0.28999999165534973
test,Pneumothorax__Support Devices,Pneumothorax,Support Devices,relational_witness,relational_witness|r=0.1,0.1,,3,4,auroc,0.49230000376701355
test,Pneumothorax__Support Devices,Pneumothorax,Support Devices,relational_witness,relational_witness|r=0.1,0.1,,3,4,auprc,0.494118332862854
test,Pneumothorax__Support Devices,Pneumothorax,Support Devices,relational_witness,relational_witness|r=0.1,0.1,,3,4,f1,0.6666666865348816
test,Pneumothorax__Support Devices,Pneumothorax,Support Devices,relational_witness,relational_witness|r=0.1,0.1,,3,4,brier,0.2500632107257843
test,Pneumothorax__Support Devices,Pneumothorax,Support Devices,relational_witness,relational_witness|r=0.1,0.1,,3,4,ece,0.00732421875
test,Pneumothorax__Support Devices,Pneumothorax,Support Devices,relational_witness,relational_witness|r=0.1,0.1,,3,4,sms_raw_logit,0.08697509765625
test,Pneumothorax__Support Devices,Pneumothorax,Support Devices,relational_witness,relational_witness|r=0.1,0.1,,3,4,sms_fixed_reference,4.788747310638428
test,Pneumothorax__Support Devices,Pneumothorax,Support Devices,relational_witness,relational_witness|r=0.1,0.1,,3,4,ranking_disagreement,0.4789775609970093
test,Pneumothorax__Support Devices,Pneumothorax,Support Devices,relational_witness,relational_witness|r=0.1,0.1,,3,4,support_swap_flip_rate,0.0
test,Pneumothorax__Support Devices,Pneumothorax,Support Devices,relational_witness,relational_witness|r=0.1,0.1,,3,4,d0_auroc,0.4889500141143799
test,Pneumothorax__Support Devices,Pneumothorax,Support Devices,relational_witness,relational_witness|r=0.1,0.1,,3,4,d1_auroc,0.4999000132083893
test,Pneumothorax__Support Devices,Pneumothorax,Support Devices,relational_witness,relational_witness|r=0.1,0.1,,3,4,worst_nuisance_auroc,0.4889500141143799
test,Pneumothorax__Support Devices,Pneumothorax,Support Devices,relational_witness,relational_witness|r=0.1,0.1,,3,4,border_max_fraction,0.1899999976158142
