method,seed,training_seed,step,train_loss,train_classification,train_invariance,train_budget_excess,validation_total,validation_classification,validation_invariance,validation_budget_excess,validation_uniform_reference,validation_worst_nuisance_auroc,validation_max_sms_budget_ratio,validation_sms_budget_satisfied
learned_uniform,0,2026,0,,,,,1.0399593710899353,1.0399593710899353,0.0,0.0,0.0,0.46880000829696655,0.0,1.0
learned_uniform,0,2026,25,0.7183220267295838,0.7183220267295838,0.0,0.0,0.7250716388225555,0.7250716388225555,0.0,0.0,0.0,0.6639999747276306,0.0,1.0
learned_uniform,0,2026,50,0.6761735308170319,0.6761735308170319,0.0,0.0,0.7181707918643951,0.7181707918643951,0.0,0.0,0.0,0.6240000128746033,0.0,1.0
learned_uniform,0,2026,75,0.7240406131744385,0.7240406131744385,0.0,0.0,0.7319876849651337,0.7319876849651337,0.0,0.0,0.0,0.6496000289916992,0.0,1.0
learned_uniform,0,2026,100,0.6749761879444123,0.6749761879444123,0.0,0.0,0.6492878794670105,0.6492878794670105,0.0,0.0,0.0,0.6639999747276306,0.0,1.0
learned_uniform,0,2026,125,0.5291448086500168,0.5291448086500168,0.0,0.0,0.6745465993881226,0.6745465993881226,0.0,0.0,0.0,0.6704000234603882,0.0,1.0
learned_uniform,0,2026,150,0.6198510217666626,0.6198510217666626,0.0,0.0,0.674705445766449,0.674705445766449,0.0,0.0,0.0,0.6543999910354614,0.0,1.0
learned_uniform,0,2026,175,0.5340336066484451,0.5340336066484451,0.0,0.0,0.6877459585666656,0.6877459585666656,0.0,0.0,0.0,0.6335999965667725,0.0,1.0
learned_uniform,0,2026,200,0.6252699440717697,0.6252699440717697,0.0,0.0,0.6579027771949768,0.6579027771949768,0.0,0.0,0.0,0.6704000234603882,0.0,1.0
learned_uniform,0,2026,225,0.6472799044847488,0.6472799044847488,0.0,0.0,0.6563574075698853,0.6563574075698853,0.0,0.0,0.0,0.6672000288963318,0.0,1.0
iera,0,2026,0,,,,,0.9680922627449036,0.9680922627449036,0.0,0.0,0.0,0.5856000185012817,0.0,1.0
iera,0,2026,25,0.7103697800636292,0.7103697800636292,0.0,0.0,0.7340492308139801,0.7340492308139801,0.0,0.0,0.0,0.6191999912261963,0.0,1.0
iera,0,2026,50,0.6848362010717391,0.6848362010717391,0.0,0.0,0.6590119004249573,0.6590119004249573,0.0,0.0,0.0,0.6431999802589417,0.0,1.0
iera,0,2026,75,0.6908903467655182,0.6908903467655182,0.0,0.0,0.6617619097232819,0.6617619097232819,0.0,0.0,0.0,0.6384000182151794,0.0,1.0
iera,0,2026,100,0.6597088599205017,0.6597088599205017,0.0,0.0,0.7187445759773254,0.7187445759773254,0.0,0.0,0.0,0.6208000183105469,0.0,1.0
iera,0,2026,125,0.58612080514431,0.58612080514431,0.0,0.0,0.6652976870536804,0.6652976870536804,0.0,0.0,0.0,0.651199996471405,0.0,1.0
iera,0,2026,150,0.5644439929723739,0.5644439929723739,0.0,0.0,0.690888524055481,0.690888524055481,0.0,0.0,0.0,0.5663999915122986,0.0,1.0
iera,0,2026,175,0.5829593610763549,0.5829593610763549,0.0,0.0,0.653773844242096,0.653773844242096,0.0,0.0,0.0,0.6304000020027161,0.0,1.0
iera,0,2026,200,0.643536838889122,0.643536838889122,0.0,0.0,0.7049843072891235,0.7049843072891235,0.0,0.0,0.0,0.5472000241279602,0.0,1.0
iera,0,2026,225,0.6580509966611863,0.6580509966611863,0.0,0.0,0.6692173182964325,0.6692173182964325,0.0,0.0,0.0,0.5759999752044678,0.0,1.0
iera,0,2026,250,0.6199253100156784,0.6199253100156784,0.0,0.0,0.6605577766895294,0.6605577766895294,0.0,0.0,0.0,0.6607999801635742,0.0,1.0
iera,0,2026,275,0.6485994374752044,0.6485994374752044,0.0,0.0,0.7047945857048035,0.7047945857048035,0.0,0.0,0.0,0.6320000290870667,0.0,1.0
iera,0,2026,300,0.5670875251293183,0.5670875251293183,0.0,0.0,0.6891302764415741,0.6891302764415741,0.0,0.0,0.0,0.6431999802589417,0.0,1.0
anchored_iera,0,2026,0,,,,,1.209072470664978,0.6487908065319061,1.9981122016906738,0.5602816343307495,2.0540436506271362,0.6687999963760376,1.4009076959709206,0.0
anchored_iera,0,2026,25,1.1891080576181412,0.5499283784627914,2.197211232315749,0.6391796844312921,1.2084743976593018,0.6487894654273987,1.9975154995918274,0.5596849322319031,2.0540436506271362,0.6687999963760376,1.4006501413154366,0.0
anchored_iera,0,2026,50,1.244799548983574,0.5818162751197815,2.3410318798758087,0.6629832691932097,1.2081682085990906,0.648788183927536,1.9972106218338013,0.559380054473877,2.0540436506271362,0.6687999963760376,1.4005114939088636,0.0
anchored_iera,0,2026,75,1.2589692318439483,0.6666609978675843,2.1605138329416516,0.5923082384839654,1.2075380682945251,0.6487875282764435,1.9965811371803284,0.558750569820404,2.0540436506271362,0.6687999963760376,1.400224717602667,0.0
anchored_iera,0,2026,100,1.269189726114273,0.6129747641086578,2.2727645206451417,0.6562149494886398,1.207162082195282,0.6487871408462524,1.9962055087089539,0.5583749413490295,2.0540436506271362,0.6687999963760376,1.4000360203475328,0.0
anchored_iera,0,2026,125,1.0987103068828583,0.5447062599658966,1.8330327867157756,0.5540040413290263,1.2070841193199158,0.6487868428230286,1.9961278438568115,0.5582972764968872,2.0540436506271362,0.6687999963760376,1.4000021356674512,0.0
anchored_iera,0,2026,150,1.2396923512220384,0.6041162240505219,2.2042392604239285,0.6355761256301775,1.2070581316947937,0.6487859785556793,1.9961026906967163,0.558272123336792,2.0540436506271362,0.6687999963760376,1.4000105291203155,0.0
anchored_iera,0,2026,175,0.961244426369667,0.5145463186502457,1.508930466249585,0.4466981088044122,1.2068023681640625,0.6487851738929749,1.9958478212356567,0.5580172538757324,2.0540436506271362,0.6687999963760376,1.399903590313452,0.0
anchored_iera,0,2026,200,1.1405247128009797,0.621446316242218,1.8755537374317646,0.5190783928334713,1.2064367532730103,0.6487841606140137,1.995483160018921,0.5576525926589966,2.0540436506271362,0.6687999963760376,1.3997532853334562,0.0
anchored_iera,0,2026,225,1.123381495475769,0.6339305722713471,1.8171021112054586,0.4894509211555123,1.2061151266098022,0.648783951997757,1.9951617121696472,0.5573311448097229,2.0540436506271362,0.6687999963760376,1.3996152596641325,0.0
anchored_iera,0,2026,250,1.1093212258815766,0.5535913825035095,1.9408669101074338,0.5557298442348838,1.2057956457138062,0.6487834453582764,1.994842767715454,0.5570122003555298,2.0540436506271362,0.6687999963760376,1.3994694622791934,0.0
anchored_iera,0,2026,275,1.3308884334564208,0.6671794903278351,2.404926026687026,0.66370894536376,1.2053436040878296,0.6487829387187958,1.9943912625312805,0.5565606951713562,2.0540436506271362,0.6687999963760376,1.3992767237319395,0.0
anchored_iera,0,2026,300,1.0620727241039276,0.5782573544979095,1.8062761618755758,0.48381537000183017,1.2047545909881592,0.6487827599048615,1.9938023686408997,0.5559718012809753,2.0540436506271362,0.6687999963760376,1.3990113973608405,0.0
anchored_iera,0,2026,325,1.1424691593647003,0.5721311992406846,2.070421528033912,0.5703379630669951,1.2043447494506836,0.6487828493118286,1.9933924674987793,0.555561900138855,2.0540436506271362,0.6687999963760376,1.3988267413978261,0.0
anchored_iera,0,2026,350,1.200381029844284,0.5820704317092895,2.135303326919675,0.6183105967193842,1.204126000404358,0.6487830579280853,1.9931734800338745,0.5553429126739502,2.0540436506271362,0.6687999963760376,1.3987353460221927,0.0
anchored_iera,0,2026,375,1.1730892598628997,0.5400774401426315,2.1802494744956493,0.6330118258297444,1.2039015293121338,0.6487831771373749,1.9929488897323608,0.5551183223724365,2.0540436506271362,0.6687999963760376,1.398636489799569,0.0
anchored_iera,0,2026,400,1.1070790833234787,0.58003471493721,2.0213276192545893,0.5270443631708622,1.203233242034912,0.6487829089164734,1.9922808408737183,0.554450273513794,2.0540436506271362,0.6687999963760376,1.3983658786618518,0.0
anchored_iera,0,2026,425,1.0323774123191833,0.53805808365345,1.7160883757472039,0.49431933492422103,1.2029358744621277,0.6487832963466644,1.99198317527771,0.5541526079177856,2.0540436506271362,0.6687999963760376,1.3982342257993323,0.0
anchored_iera,0,2026,450,1.125386950969696,0.5797949171066284,1.8378521257266403,0.5455920321494341,1.2029248476028442,0.6487830579280853,1.9919723272323608,0.5541417598724365,2.0540436506271362,0.6687999963760376,1.3982362464453924,0.0
anchored_iera,0,2026,475,1.13429730117321,0.5650700783729553,1.9490320168435573,0.569227216243744,1.2028769254684448,0.648782879114151,1.9919245839118958,0.5540940165519714,2.0540436506271362,0.6687999963760376,1.3982177497622283,0.0
anchored_iera,0,2026,500,1.1703580474853517,0.5353949403762818,2.2317334487102927,0.6349631088646128,1.2026433944702148,0.6487835645675659,1.9916903972625732,0.5538598299026489,2.0540436506271362,0.6687999963760376,1.3981084794406804,0.0
anchored_iera,0,2026,525,1.3265672200918197,0.6452984625101089,2.339890566468239,0.6812687766551971,1.2024272680282593,0.6487846672534943,1.991473138332367,0.5536425709724426,2.0540436506271362,0.6687999963760376,1.3980144416817377,0.0
anchored_iera,0,2026,550,1.1819683265686036,0.5854819798469544,2.0786692789196968,0.5964863505959511,1.2023320198059082,0.6487866640090942,1.9913759231567383,0.553545355796814,2.0540436506271362,0.6687999963760376,1.3979510244823188,0.0
anchored_iera,0,2026,575,1.2388814830780028,0.6015867865085602,2.2180293250083922,0.6372946929931641,1.2020960450172424,0.6487877666950226,1.9911388158798218,0.5533082485198975,2.0540436506271362,0.6687999963760376,1.397843930241143,0.0
anchored_iera,0,2026,600,1.2301942199468612,0.6345536214113235,2.0342410781793294,0.5956405981257558,1.201928734779358,0.6487889587879181,1.9909703731536865,0.5531398057937622,2.0540436506271362,0.6687999963760376,1.3977526902998219,0.0
anchored_iera,0,2026,625,1.2780173075199128,0.5919660711288453,2.47228793412447,0.6860512414574623,1.2014739513397217,0.6487924158573151,1.9905120730400085,0.5526815056800842,2.0540436506271362,0.6687999963760376,1.3975128551559404,0.0
anchored_iera,0,2026,650,0.9128030633926392,0.535324324965477,1.4207093261089176,0.3774787411047146,1.2011870741844177,0.6487954258918762,1.9902222156524658,0.5523916482925415,2.0540436506271362,0.6687999963760376,1.3973861761914146,0.0
anchored_iera,0,2026,675,1.149764724969864,0.5430343359708786,2.0658906905259937,0.6067303875787183,1.2010192275047302,0.6487970352172852,1.9900527596473694,0.5522221922874451,2.0540436506271362,0.6687999963760376,1.3973067492578284,0.0
anchored_iera,0,2026,700,1.12431873857975,0.5906274139881134,1.8665368032921106,0.5336913203215227,1.200985848903656,0.6487990617752075,1.9900173544883728,0.5521867871284485,2.0540436506271362,0.6687999963760376,1.3972758178296805,0.0
anchored_iera,0,2026,725,1.2592048311233521,0.6169529962539673,2.3107812567055226,0.6422518330812454,1.200556755065918,0.6488038599491119,1.989583432674408,0.5517528653144836,2.0540436506271362,0.6687999963760376,1.397051992419966,0.0
anchored_iera,0,2026,750,1.1210923272371291,0.5857741212844849,1.955469610709697,0.5353182105952874,1.2000099420547485,0.6488063633441925,1.9890341758728027,0.5512036085128784,2.0540436506271362,0.6687999963760376,1.3967889975635517,0.0
anchored_iera,0,2026,775,1.0953893852233887,0.55558463037014,1.9178027966059745,0.5398047600779683,1.1996402144432068,0.6488072574138641,1.9886635541915894,0.550832986831665,2.0540436506271362,0.6687999963760376,1.3966261024042597,0.0
anchored_iera,0,2026,800,1.227126659154892,0.612182314991951,2.2825668387115003,0.6149443419650197,1.1991286277770996,0.6488103866577148,1.9881488680839539,0.5503183007240295,2.0540436506271362,0.6687999963760376,1.3963721227379589,0.0
anchored_iera,0,2026,825,1.2141742646694182,0.5467484796047211,2.1479376052785666,0.6674257891764864,1.1990090608596802,0.6488116979598999,1.9880279302597046,0.5501973628997803,2.0540436506271362,0.6687999963760376,1.396305285983669,0.0
anchored_iera,0,2026,850,1.1367821353673935,0.6424612200260162,1.750571370217949,0.4943209171667695,1.199076533317566,0.6488121449947357,1.988094985485077,0.5502644181251526,2.0540436506271362,0.6687999963760376,1.3963247152727067,0.0
anchored_iera,0,2026,875,1.3147699904441834,0.5905982148647309,2.5750253840535877,0.724171773083508,1.1987786293029785,0.6488167345523834,1.9877924919128418,0.5499619245529175,2.0540436506271362,0.6687999963760376,1.3961282463019575,0.0
anchored_iera,0,2026,900,1.2120235693454742,0.5950838732719421,2.1354204055666925,0.616939685344696,1.198441207408905,0.6488201022148132,1.9874516725540161,0.5496211051940918,2.0540436506271362,0.6687999963760376,1.395948253368312,0.0
anchored_iera,0,2026,925,1.158507844209671,0.559121326804161,2.1977916797995567,0.5993865147978067,1.1979126334190369,0.6488235294818878,1.986919641494751,0.5490890741348267,2.0540436506271362,0.6687999963760376,1.395693651964762,0.0
anchored_iera,0,2026,950,1.511075460910797,0.6704975497722626,2.7183602694422007,0.8405779081955552,1.1976792812347412,0.6488284170627594,1.9866814017295837,0.5488508343696594,2.0540436506271362,0.6687999963760376,1.3955433469847665,0.0
anchored_iera,0,2026,975,0.8797170841693878,0.5186378997564316,1.3520791893824935,0.3610791852325201,1.197477102279663,0.6488372087478638,1.9864704608917236,0.5486398935317993,2.0540436506271362,0.6687999963760376,1.395352007346323,0.0
anchored_iera,0,2026,1000,1.1807012796401977,0.619532243013382,2.022498800866306,0.5611690359935164,1.19704008102417,0.6488465368747711,1.9860241413116455,0.5481935739517212,2.0540436506271362,0.6687999963760376,1.3950601017078206,0.0
learned_uniform,1,2027,0,,,,,1.051092267036438,1.051092267036438,0.0,0.0,0.0,0.4480000138282776,0.0,1.0
learned_uniform,1,2027,25,0.742229779958725,0.742229779958725,0.0,0.0,0.6707536280155182,0.6707536280155182,0.0,0.0,0.0,0.6208000183105469,0.0,1.0
learned_uniform,1,2027,50,0.6379016876220703,0.6379016876220703,0.0,0.0,0.666062742471695,0.666062742471695,0.0,0.0,0.0,0.651199996471405,0.0,1.0
learned_uniform,1,2027,75,0.6536164712905884,0.6536164712905884,0.0,0.0,0.6681497097015381,0.6681497097015381,0.0,0.0,0.0,0.6240000128746033,0.0,1.0
learned_uniform,1,2027,100,0.6228083145618438,0.6228083145618438,0.0,0.0,0.661073237657547,0.661073237657547,0.0,0.0,0.0,0.6592000126838684,0.0,1.0
learned_uniform,1,2027,125,0.6372115576267242,0.6372115576267242,0.0,0.0,0.6665652096271515,0.6665652096271515,0.0,0.0,0.0,0.5807999968528748,0.0,1.0
learned_uniform,1,2027,150,0.5978394174575805,0.5978394174575805,0.0,0.0,0.7045501470565796,0.7045501470565796,0.0,0.0,0.0,0.5199999809265137,0.0,1.0
learned_uniform,1,2027,175,0.6926398742198944,0.6926398742198944,0.0,0.0,0.6565628349781036,0.6565628349781036,0.0,0.0,0.0,0.7088000178337097,0.0,1.0
learned_uniform,1,2027,200,0.6401515460014343,0.6401515460014343,0.0,0.0,0.6560497283935547,0.6560497283935547,0.0,0.0,0.0,0.579200029373169,0.0,1.0
learned_uniform,1,2027,225,0.566954231262207,0.566954231262207,0.0,0.0,0.6205672025680542,0.6205672025680542,0.0,0.0,0.0,0.6736000180244446,0.0,1.0
learned_uniform,1,2027,250,0.56179967045784,0.56179967045784,0.0,0.0,0.6437474489212036,0.6437474489212036,0.0,0.0,0.0,0.6751999855041504,0.0,1.0
learned_uniform,1,2027,275,0.5589590311050415,0.5589590311050415,0.0,0.0,0.647199422121048,0.647199422121048,0.0,0.0,0.0,0.6176000237464905,0.0,1.0
learned_uniform,1,2027,300,0.5777589428424835,0.5777589428424835,0.0,0.0,0.639206200838089,0.639206200838089,0.0,0.0,0.0,0.6367999911308289,0.0,1.0
learned_uniform,1,2027,325,0.6316778612136841,0.6316778612136841,0.0,0.0,0.674349308013916,0.674349308013916,0.0,0.0,0.0,0.6528000235557556,0.0,1.0
learned_uniform,1,2027,350,0.6252790999412536,0.6252790999412536,0.0,0.0,0.6494460999965668,0.6494460999965668,0.0,0.0,0.0,0.6384000182151794,0.0,1.0
iera,1,2027,0,,,,,0.967047244310379,0.967047244310379,0.0,0.0,0.0,0.5600000023841858,0.0,1.0
iera,1,2027,25,0.7148392581939698,0.7148392581939698,0.0,0.0,0.6532609760761261,0.6532609760761261,0.0,0.0,0.0,0.6032000184059143,0.0,1.0
iera,1,2027,50,0.6084023344516755,0.6084023344516755,0.0,0.0,0.684120386838913,0.684120386838913,0.0,0.0,0.0,0.6047999858856201,0.0,1.0
iera,1,2027,75,0.6882370126247406,0.6882370126247406,0.0,0.0,0.6779745519161224,0.6779745519161224,0.0,0.0,0.0,0.6255999803543091,0.0,1.0
iera,1,2027,100,0.5918117487430572,0.5918117487430572,0.0,0.0,0.6563433110713959,0.6563433110713959,0.0,0.0,0.0,0.6000000238418579,0.0,1.0
iera,1,2027,125,0.63067138671875,0.63067138671875,0.0,0.0,0.6560698747634888,0.6560698747634888,0.0,0.0,0.0,0.5920000076293945,0.0,1.0
iera,1,2027,150,0.6509461450576782,0.6509461450576782,0.0,0.0,0.6517435014247894,0.6517435014247894,0.0,0.0,0.0,0.5952000021934509,0.0,1.0
iera,1,2027,175,0.6884358906745911,0.6884358906745911,0.0,0.0,0.6523694694042206,0.6523694694042206,0.0,0.0,0.0,0.6272000074386597,0.0,1.0
iera,1,2027,200,0.6517173433303833,0.6517173433303833,0.0,0.0,0.7233667075634003,0.7233667075634003,0.0,0.0,0.0,0.5776000022888184,0.0,1.0
iera,1,2027,225,0.5869138503074646,0.5869138503074646,0.0,0.0,0.6724158525466919,0.6724158525466919,0.0,0.0,0.0,0.6111999750137329,0.0,1.0
iera,1,2027,250,0.6031380319595336,0.6031380319595336,0.0,0.0,0.6708100736141205,0.6708100736141205,0.0,0.0,0.0,0.6047999858856201,0.0,1.0
iera,1,2027,275,0.6176880705356598,0.6176880705356598,0.0,0.0,0.6417121887207031,0.6417121887207031,0.0,0.0,0.0,0.6047999858856201,0.0,1.0
iera,1,2027,300,0.5674344152212143,0.5674344152212143,0.0,0.0,0.67689448595047,0.67689448595047,0.0,0.0,0.0,0.6223999857902527,0.0,1.0
iera,1,2027,325,0.6033312922716141,0.6033312922716141,0.0,0.0,0.6601993143558502,0.6601993143558502,0.0,0.0,0.0,0.5727999806404114,0.0,1.0
iera,1,2027,350,0.6310418093204498,0.6310418093204498,0.0,0.0,0.648930698633194,0.648930698633194,0.0,0.0,0.0,0.6223999857902527,0.0,1.0
iera,1,2027,375,0.4837249064445496,0.4837249064445496,0.0,0.0,0.6805637180805206,0.6805637180805206,0.0,0.0,0.0,0.6431999802589417,0.0,1.0
iera,1,2027,400,0.5965356189012527,0.5965356189012527,0.0,0.0,0.6601869463920593,0.6601869463920593,0.0,0.0,0.0,0.6367999911308289,0.0,1.0
anchored_iera,1,2027,0,,,,,1.3519349694252014,0.6175559759140015,2.574869990348816,0.7343789935112,2.6292728185653687,0.6672000288963318,1.4055340520078112,0.0
anchored_iera,1,2027,25,1.0411478245258332,0.528884379863739,1.8317937599122525,0.5122634418308735,1.3516968488693237,0.6175289154052734,2.574658989906311,0.7341679930686951,2.6292728185653687,0.6672000288963318,1.4056667259029667,0.0
anchored_iera,1,2027,50,0.8648840725421906,0.5155137610435486,1.2808408810198306,0.34937031000852586,1.351187825202942,0.6175073981285095,2.5741714239120483,0.7336804270744324,2.6292728185653687,0.6672000288963318,1.4053287410080453,0.0
anchored_iera,1,2027,75,1.086986848115921,0.5544205856323242,1.738236475661397,0.532566267773509,1.3510467410087585,0.6175093650817871,2.5740283727645874,0.7335373759269714,2.6292728185653687,0.6672000288963318,1.4051065307635335,0.0
anchored_iera,1,2027,100,1.014404957294464,0.5292565834522247,1.7425713042914868,0.4851483704894781,1.350484848022461,0.6174854934215546,2.5734903812408447,0.7329993844032288,2.6292728185653687,0.6672000288963318,1.4046892380094966,0.0
anchored_iera,1,2027,125,1.0941484546661377,0.5260587006807327,1.9618357034027576,0.5680897508561611,1.3502494096755981,0.6174751818180084,2.5732651948928833,0.7327741980552673,2.6292728185653687,0.6672000288963318,1.404531215247222,0.0
anchored_iera,1,2027,150,1.063195276260376,0.5555138504505157,1.8126684590429067,0.5076814336329698,1.3499681949615479,0.6174623370170593,2.5729968547821045,0.7325058579444885,2.6292728185653687,0.6672000288963318,1.4043531802214324,0.0
anchored_iera,1,2027,175,1.2428363347053528,0.6160435628890991,2.2888415987044572,0.62679277703166,1.3492833375930786,0.6174257397651672,2.5723485946655273,0.7318575978279114,2.6292728185653687,0.6672000288963318,1.4039518972782077,0.0
anchored_iera,1,2027,200,1.0649572587013245,0.5451107561588288,1.8165547574311496,0.519846503958106,1.349007487297058,0.6174073815345764,2.5720911026000977,0.7316001057624817,2.6292728185653687,0.6656000018119812,1.4038543560234453,0.0
anchored_iera,1,2027,225,0.9678676772117615,0.5274963641166687,1.6026937714219094,0.4403713125735521,1.3488096594810486,0.6173946857452393,2.5719059705734253,0.7314149737358093,2.6292728185653687,0.6656000018119812,1.40379728401268,0.0
anchored_iera,1,2027,250,1.0855050051212312,0.5286326730251312,1.9683634385466575,0.5568723393976689,1.34819757938385,0.6173691153526306,2.5713194608688354,0.7308284640312195,2.6292728185653687,0.6656000018119812,1.403320695663043,0.0
anchored_iera,1,2027,275,0.926410254240036,0.5317186510562897,1.4438181921839714,0.3946916039288044,1.3476401567459106,0.6173414885997772,2.5707896947860718,0.7302986979484558,2.6292728185653687,0.6656000018119812,1.4029561759890907,0.0
anchored_iera,1,2027,300,0.9893474328517914,0.5433418691158295,1.5332090975344181,0.4460055500268936,1.3473979830741882,0.6173292100429535,2.5705597400665283,0.7300687432289124,2.6292728185653687,0.6656000018119812,1.4028126806477381,0.0
anchored_iera,1,2027,325,1.1379352462291719,0.628688873052597,1.9244592934846878,0.5092463883757591,1.3466083407402039,0.617284893989563,2.569814443588257,0.7293234467506409,2.6292728185653687,0.6656000018119812,1.4023596622973522,0.0
anchored_iera,1,2027,350,1.0255355823040009,0.5743343567848206,1.6796676286309957,0.45120122700929643,1.3456984162330627,0.6172387301921844,2.568950653076172,0.7284596562385559,2.6292728185653687,0.6656000018119812,1.4017963541391498,0.0
anchored_iera,1,2027,375,0.7033204126358032,0.4134379553794861,1.1466477023810149,0.28988245598971846,1.3451485633850098,0.6172078549861908,2.5684317350387573,0.7279407382011414,2.6292728185653687,0.6656000018119812,1.4015044715698077,0.0
anchored_iera,1,2027,400,1.0000065195560455,0.5524433815479278,1.7114355006068944,0.44756314598023894,1.3440839648246765,0.6171538829803467,2.567421078681946,0.7269300818443298,2.6292728185653687,0.6639999747276306,1.400820793352537,0.0
anchored_iera,1,2027,425,0.9317190819978713,0.5234053325653076,1.5373559720814227,0.4083137533068657,1.3432191610336304,0.6171128153800964,2.56659734249115,0.7261063456535339,2.6292728185653687,0.6639999747276306,1.4001722477756593,0.0
anchored_iera,1,2027,450,1.1854994130134582,0.5691369879245758,2.138771413862705,0.6163624285906554,1.3424125909805298,0.6170756220817566,2.565827965736389,0.7253369688987732,2.6292728185653687,0.6639999747276306,1.3995176244002325,0.0
anchored_iera,1,2027,475,1.0005660557746887,0.5430743455886841,1.6238433323055506,0.4574917071312666,1.3418433666229248,0.6170447170734406,2.565289616584778,0.7247986197471619,2.6292728185653687,0.6639999747276306,1.3991538459212252,0.0
anchored_iera,1,2027,500,1.0167666733264924,0.5299653089046479,1.7120749118924141,0.48680135421454906,1.34126615524292,0.6170177459716797,2.564739465713501,0.724248468875885,2.6292728185653687,0.6639999747276306,1.3986149971962079,0.0
anchored_iera,1,2027,525,1.0487692308425904,0.5335318315029144,1.8893231347203254,0.5152373932301998,1.340183973312378,0.6169631481170654,2.5637118816375732,0.7232208847999573,2.6292728185653687,0.6639999747276306,1.3977982003668146,0.0
anchored_iera,1,2027,550,1.0690021896362305,0.5790720283985138,1.8605142760276794,0.4899301654100418,1.3391938209533691,0.6169099807739258,2.5627747774124146,0.7222837805747986,2.6292728185653687,0.6639999747276306,1.397197684222373,0.0
anchored_iera,1,2027,575,0.7239810609817505,0.5145944690704346,0.8032546139508486,0.20938659362494946,1.3388466238975525,0.6168908774852753,2.562446713447571,0.7219557166099548,2.6292728185653687,0.6639999747276306,1.3970365484413294,0.0
anchored_iera,1,2027,600,1.300619421005249,0.5854937529563904,2.4763240169733765,0.7151256662607193,1.3379831314086914,0.616848349571228,2.561625838279724,0.7211348414421082,2.6292728185653687,0.6639999747276306,1.3963622092803656,0.0
anchored_iera,1,2027,625,1.1166687625646592,0.5737202805280686,2.013181202132255,0.5429484858550131,1.3372507095336914,0.6168078482151031,2.560933828353882,0.7204428315162659,2.6292728185653687,0.6639999747276306,1.3959108215588587,0.0
anchored_iera,1,2027,650,0.9971442580223083,0.6072571814060211,1.4334510370343923,0.3898870707303286,1.336812674999237,0.6167870461940765,2.560516595840454,0.7200255990028381,2.6292728185653687,0.6639999747276306,1.3956711191136448,0.0
anchored_iera,1,2027,675,0.8598954236507416,0.501672168970108,1.438625471815467,0.3582232494652271,1.3364850878715515,0.6167691051959991,2.5602070093154907,0.7197160124778748,2.6292728185653687,0.6639999747276306,1.3955606810668393,0.0
anchored_iera,1,2027,700,1.0568536007404328,0.5782984328269959,1.776257226150483,0.4785551739297807,1.335682988166809,0.6167244911193848,2.559449553489685,0.7189585566520691,2.6292728185653687,0.6639999747276306,1.3951577674947357,0.0
anchored_iera,1,2027,725,1.0527018690109253,0.5545753109455108,1.752895031645894,0.49812655806541445,1.3349798917770386,0.6166864037513733,2.5587844848632812,0.7182934880256653,2.6292728185653687,0.6639999747276306,1.3946574609068587,0.0
anchored_iera,1,2027,750,1.0362172603607178,0.5488800191879273,1.7114454551041127,0.4873372399806976,1.3344277143478394,0.6166574656963348,2.558261275291443,0.7177702784538269,2.6292728185653687,0.6656000018119812,1.3941627874005635,0.0
anchored_iera,1,2027,775,0.9278522562980652,0.5224141120910645,1.5554909679293631,0.405438149869442,1.3339909315109253,0.6166327595710754,2.557849168777466,0.7173581719398499,2.6292728185653687,0.6656000018119812,1.394007284701102,0.0
anchored_iera,1,2027,800,1.2046814560890198,0.5794659841060639,2.2322952261380853,0.6252154693566263,1.3337674736976624,0.6166189908981323,2.557639479637146,0.71714848279953,2.6292728185653687,0.6656000018119812,1.393996611493894,0.0
anchored_iera,1,2027,825,0.9513956558704376,0.49004204630851744,1.6945731668174266,0.4613536124676466,1.3332405090332031,0.6165860295295715,2.5571454763412476,0.7166544795036316,2.6292728185653687,0.6656000018119812,1.3937115479180457,0.0
anchored_iera,1,2027,850,0.9037242126464844,0.5227880024909973,1.4530112564004958,0.3809362086839974,1.3321471810340881,0.6165265738964081,2.5561115741729736,0.7156205773353577,2.6292728185653687,0.6639999747276306,1.3928642138569183,0.0
anchored_iera,1,2027,875,1.0108247303962707,0.5075121402740479,1.8263764545321464,0.5033125880360604,1.3309545516967773,0.6164622008800507,2.554983377456665,0.7144923806190491,2.6292728185653687,0.6639999747276306,1.3920299248268229,0.0
anchored_iera,1,2027,900,1.1418450379371643,0.5856280350685119,2.02000607252121,0.5562170035392046,1.330102264881134,0.616413801908493,2.5541794300079346,0.7136884331703186,2.6292728185653687,0.6639999747276306,1.391372484910605,0.0
anchored_iera,1,2027,925,1.0103007912635804,0.5813172471523285,1.5480627489835024,0.42898354910314085,1.3292884826660156,0.6163654625415802,2.553413987159729,0.712922990322113,2.6292728185653687,0.6639999747276306,1.390837490399302,0.0
anchored_iera,1,2027,950,0.8839172804355622,0.5254059660434723,1.2975814683735372,0.35851131975650785,1.32868492603302,0.6163296103477478,2.552846312522888,0.7123553156852722,2.6292728185653687,0.6639999747276306,1.3904373933679892,0.0
anchored_iera,1,2027,975,0.9890678143501281,0.5188331139087677,1.7342844708263874,0.4702346932888031,1.3282138109207153,0.6162997186183929,2.5524051189422607,0.7119141221046448,2.6292728185653687,0.6639999747276306,1.3901498097293281,0.0
anchored_iera,1,2027,1000,0.8790144312381745,0.5700316953659058,1.096541312467307,0.30898273913189767,1.3278031945228577,0.6162737607955933,2.5520204305648804,0.7115294337272644,2.6292728185653687,0.6639999747276306,1.3899064013093891,0.0
learned_uniform,2,2028,0,,,,,1.0239489078521729,1.0239489078521729,0.0,0.0,0.0,0.36000001430511475,0.0,1.0
learned_uniform,2,2028,25,0.7529457283020019,0.7529457283020019,0.0,0.0,0.742743581533432,0.742743581533432,0.0,0.0,0.0,0.5935999751091003,0.0,1.0
learned_uniform,2,2028,50,0.7536094200611114,0.7536094200611114,0.0,0.0,0.7203491032123566,0.7203491032123566,0.0,0.0,0.0,0.5600000023841858,0.0,1.0
learned_uniform,2,2028,75,0.6773579502105713,0.6773579502105713,0.0,0.0,0.699839860200882,0.699839860200882,0.0,0.0,0.0,0.5407999753952026,0.0,1.0
learned_uniform,2,2028,100,0.6432576334476471,0.6432576334476471,0.0,0.0,0.678152471780777,0.678152471780777,0.0,0.0,0.0,0.6255999803543091,0.0,1.0
learned_uniform,2,2028,125,0.602753427028656,0.602753427028656,0.0,0.0,0.6631532311439514,0.6631532311439514,0.0,0.0,0.0,0.656000018119812,0.0,1.0
learned_uniform,2,2028,150,0.6471786630153656,0.6471786630153656,0.0,0.0,0.633968859910965,0.633968859910965,0.0,0.0,0.0,0.6448000073432922,0.0,1.0
learned_uniform,2,2028,175,0.579379369020462,0.579379369020462,0.0,0.0,0.6526506245136261,0.6526506245136261,0.0,0.0,0.0,0.6064000129699707,0.0,1.0
learned_uniform,2,2028,200,0.6310665571689605,0.6310665571689605,0.0,0.0,0.731745183467865,0.731745183467865,0.0,0.0,0.0,0.5631999969482422,0.0,1.0
learned_uniform,2,2028,225,0.5532448637485504,0.5532448637485504,0.0,0.0,0.6355363726615906,0.6355363726615906,0.0,0.0,0.0,0.6304000020027161,0.0,1.0
learned_uniform,2,2028,250,0.5721232545375824,0.5721232545375824,0.0,0.0,0.6575503051280975,0.6575503051280975,0.0,0.0,0.0,0.5824000239372253,0.0,1.0
learned_uniform,2,2028,275,0.5841042184829712,0.5841042184829712,0.0,0.0,0.631412148475647,0.631412148475647,0.0,0.0,0.0,0.6399999856948853,0.0,1.0
learned_uniform,2,2028,300,0.5878500509262085,0.5878500509262085,0.0,0.0,0.6600960791110992,0.6600960791110992,0.0,0.0,0.0,0.656000018119812,0.0,1.0
learned_uniform,2,2028,325,0.5184148895740509,0.5184148895740509,0.0,0.0,0.6676571369171143,0.6676571369171143,0.0,0.0,0.0,0.6287999749183655,0.0,1.0
learned_uniform,2,2028,350,0.4983267945051193,0.4983267945051193,0.0,0.0,0.6470611095428467,0.6470611095428467,0.0,0.0,0.0,0.6528000235557556,0.0,1.0
learned_uniform,2,2028,375,0.5874175727367401,0.5874175727367401,0.0,0.0,0.6556828320026398,0.6556828320026398,0.0,0.0,0.0,0.646399974822998,0.0,1.0
learned_uniform,2,2028,400,0.4650080186128616,0.4650080186128616,0.0,0.0,0.6815106868743896,0.6815106868743896,0.0,0.0,0.0,0.5680000185966492,0.0,1.0
iera,2,2028,0,,,,,0.935591459274292,0.935591459274292,0.0,0.0,0.0,0.5023999810218811,0.0,1.0
iera,2,2028,25,0.7025612235069275,0.7025612235069275,0.0,0.0,0.6941421627998352,0.6941421627998352,0.0,0.0,0.0,0.590399980545044,0.0,1.0
iera,2,2028,50,0.6923380839824677,0.6923380839824677,0.0,0.0,0.6807940602302551,0.6807940602302551,0.0,0.0,0.0,0.5472000241279602,0.0,1.0
iera,2,2028,75,0.653772064447403,0.653772064447403,0.0,0.0,0.6728057265281677,0.6728057265281677,0.0,0.0,0.0,0.5727999806404114,0.0,1.0
iera,2,2028,100,0.5809369242191315,0.5809369242191315,0.0,0.0,0.6633144319057465,0.6633144319057465,0.0,0.0,0.0,0.5807999968528748,0.0,1.0
iera,2,2028,125,0.631398493051529,0.631398493051529,0.0,0.0,0.6384108662605286,0.6384108662605286,0.0,0.0,0.0,0.579200029373169,0.0,1.0
iera,2,2028,150,0.6368024754524231,0.6368024754524231,0.0,0.0,0.6654426455497742,0.6654426455497742,0.0,0.0,0.0,0.5935999751091003,0.0,1.0
iera,2,2028,175,0.6454994857311249,0.6454994857311249,0.0,0.0,0.6464930772781372,0.6464930772781372,0.0,0.0,0.0,0.6159999966621399,0.0,1.0
iera,2,2028,200,0.6155299699306488,0.6155299699306488,0.0,0.0,0.6282406747341156,0.6282406747341156,0.0,0.0,0.0,0.6480000019073486,0.0,1.0
iera,2,2028,225,0.581257677078247,0.581257677078247,0.0,0.0,0.7046368420124054,0.7046368420124054,0.0,0.0,0.0,0.5680000185966492,0.0,1.0
iera,2,2028,250,0.6150670099258423,0.6150670099258423,0.0,0.0,0.6938520073890686,0.6938520073890686,0.0,0.0,0.0,0.590399980545044,0.0,1.0
iera,2,2028,275,0.6675367987155915,0.6675367987155915,0.0,0.0,0.6374455094337463,0.6374455094337463,0.0,0.0,0.0,0.6783999800682068,0.0,1.0
iera,2,2028,300,0.6644726037979126,0.6644726037979126,0.0,0.0,0.75123330950737,0.75123330950737,0.0,0.0,0.0,0.6159999966621399,0.0,1.0
iera,2,2028,325,0.6161273372173309,0.6161273372173309,0.0,0.0,0.6588571071624756,0.6588571071624756,0.0,0.0,0.0,0.6448000073432922,0.0,1.0
anchored_iera,2,2028,0,,,,,1.3790209889411926,0.6277559101581573,2.6295183897018433,0.7512651085853577,2.6832189559936523,0.6431999802589417,1.4076753035793068,0.0
anchored_iera,2,2028,25,1.004995573759079,0.5589655792713165,1.624790446460247,0.44602998699992896,1.3782557845115662,0.6277211606502533,2.628787875175476,0.7505345940589905,2.6832189559936523,0.6431999802589417,1.407319134330497,0.0
anchored_iera,2,2028,50,1.1290713405609132,0.5950129199028015,1.9600826594233514,0.5340584176778793,1.377554178237915,0.6276894509792328,2.6281180381774902,0.7498647570610046,2.6832189559936523,0.6431999802589417,1.4069902742654135,0.0
anchored_iera,2,2028,75,1.0938884723186493,0.5514386469125747,1.9282909548981115,0.5424498343467712,1.3768008351325989,0.6276545226573944,2.6273995637893677,0.7491462826728821,2.6832189559936523,0.6431999802589417,1.406631374098231,0.0
anchored_iera,2,2028,100,0.9806468558311462,0.5666773843765259,1.5114879621565342,0.41396948002278805,1.376404881477356,0.6276327967643738,2.6270253658294678,0.7487720847129822,2.6832189559936523,0.6431999802589417,1.4064609072987602,0.0
anchored_iera,2,2028,125,0.8206107354164124,0.5159760409593582,1.2011589770019055,0.3046346868574619,1.3757699728012085,0.6276004910469055,2.6264227628707886,0.748169481754303,2.6832189559936523,0.6431999802589417,1.4061766043229145,0.0
anchored_iera,2,2028,150,1.0186427330970764,0.5495008146762848,1.7596465623378754,0.46914192140102384,1.3751074075698853,0.6275648474693298,2.625795841217041,0.7475425601005554,2.6832189559936523,0.6431999802589417,1.4058819526037618,0.0
anchored_iera,2,2028,175,0.8892943829298019,0.5083252853155136,1.2932528479397296,0.3809690936654806,1.374817132949829,0.6275515258312225,2.6255189180374146,0.747265636920929,2.6832189559936523,0.6431999802589417,1.4057544618355235,0.0
anchored_iera,2,2028,200,1.0821374869346618,0.5475734883546829,1.800645636692643,0.5345639985054731,1.3748388290405273,0.6275530457496643,2.6255390644073486,0.747285783290863,2.6832189559936523,0.6431999802589417,1.405761504730274,0.0
anchored_iera,2,2028,225,1.0091783475875855,0.47750453650951385,1.9482888256013393,0.5316738042235375,1.3743430972099304,0.6275249421596527,2.625071406364441,0.7468181252479553,2.6832189559936523,0.6431999802589417,1.4055446123184685,0.0
anchored_iera,2,2028,250,0.9179157871007919,0.5205460387468338,1.411961353160441,0.39736974716186524,1.3739773631095886,0.6274975538253784,2.624733090400696,0.7464798092842102,2.6832189559936523,0.6431999802589417,1.4053918246221468,0.0
anchored_iera,2,2028,275,1.0808872842788697,0.5125187242031097,2.1386575838923454,0.5683685612678527,1.3731901049613953,0.6274708211421967,2.623972535133362,0.7457192540168762,2.6832189559936523,0.6431999802589417,1.4050163952121826,0.0
anchored_iera,2,2028,300,1.0377500236034394,0.5448536205291749,1.7747111669182778,0.4928964152932167,1.3725590705871582,0.6274418234825134,2.6233705282211304,0.7451172471046448,2.6832189559936523,0.6448000073432922,1.404723755748673,0.0
anchored_iera,2,2028,325,0.9411046981811524,0.506330839395523,1.6702264802157878,0.43477385856211187,1.371663749217987,0.6273917257785797,2.6225253343582153,0.7442720532417297,2.6832189559936523,0.6448000073432922,1.4043194360969773,0.0
anchored_iera,2,2028,350,1.0043490302562714,0.47122221350669863,1.876531671732664,0.5331268075853586,1.3712239265441895,0.6273635923862457,2.622113585472107,0.7438603043556213,2.6832189559936523,0.6448000073432922,1.4041215163812342,0.0
anchored_iera,2,2028,375,1.0194726872444153,0.5776297104358673,1.6239745068550109,0.44184297502040865,1.3708767294883728,0.6273479461669922,2.621782064437866,0.7435287833213806,2.6832189559936523,0.6448000073432922,1.4039641292434428,0.0
anchored_iera,2,2028,400,0.7358094763755798,0.47069257736206055,1.0172258991329,0.26511689737439154,1.3704820275306702,0.6273320019245148,2.6214033365249634,0.7431500554084778,2.6832189559936523,0.6448000073432922,1.403783744898303,0.0
anchored_iera,2,2028,425,1.139618945121765,0.5743781268596649,1.955551850348711,0.5652408042550087,1.3701688051223755,0.6273193955421448,2.6211026906967163,0.7428494095802307,2.6832189559936523,0.6448000073432922,1.4036391499570995,0.0
anchored_iera,2,2028,450,0.9612766432762146,0.5475506377220154,1.6145399426668883,0.41372599706053736,1.3694301843643188,0.6272895932197571,2.6203938722610474,0.7421405911445618,2.6832189559936523,0.6448000073432922,1.4032908859983155,0.0
anchored_iera,2,2028,475,0.914829148054123,0.5380871021747589,1.5586095811799168,0.3767420542240143,1.368341326713562,0.6272647678852081,2.619329810142517,0.7410765290260315,2.6832189559936523,0.6448000073432922,1.4027626688920298,0.0
anchored_iera,2,2028,500,1.1293056547641753,0.5077492022514343,2.2795543418824673,0.621556449830532,1.367482602596283,0.6272262632846832,2.6185096502304077,0.7402563691139221,2.6832189559936523,0.6448000073432922,1.402368123053457,0.0
anchored_iera,2,2028,525,1.2272488403320312,0.5747813510894776,2.251147078201175,0.6524674947559833,1.3671006560325623,0.6272095441818237,2.618144392967224,0.7398911118507385,2.6832189559936523,0.6448000073432922,1.4021900384290522,0.0
anchored_iera,2,2028,550,1.1255270195007325,0.5754949748516083,1.9740079007297755,0.5500320443511009,1.3667000532150269,0.6271893084049225,2.6177639961242676,0.739510715007782,2.6832189559936523,0.6448000073432922,1.4020119538046472,0.0
anchored_iera,2,2028,575,1.0316949033737182,0.49571173191070556,1.9323528018593787,0.5359831753373147,1.3660885095596313,0.6271575093269348,2.617184281349182,0.7389310002326965,2.6832189559936523,0.6448000073432922,1.4017315316075414,0.0
anchored_iera,2,2028,600,0.9389936423301697,0.5459873384237289,1.4814052879810333,0.39300630390644076,1.36576908826828,0.6271378695964813,2.616884469985962,0.7386311888694763,2.6832189559936523,0.6448000073432922,1.4016000163280171,0.0
anchored_iera,2,2028,625,1.1644694709777832,0.5627971303462982,2.1071156948804854,0.6016723453998566,1.3654629588127136,0.6271205842494965,2.6165956258773804,0.7383423447608948,2.6832189559936523,0.6448000073432922,1.4014669199904877,0.0
anchored_iera,2,2028,650,0.9254311108589173,0.4976839309930801,1.620097486525774,0.4277471768856049,1.3649464845657349,0.6270889937877655,2.6161108016967773,0.7378575205802917,2.6832189559936523,0.6448000073432922,1.4012411161608347,0.0
anchored_iera,2,2028,675,0.8353013563156128,0.5065688443183899,1.3062597197294235,0.3287325131893158,1.364439070224762,0.6270620822906494,2.615630269050598,0.7373769879341125,2.6832189559936523,0.6448000073432922,1.4010148811335439,0.0
anchored_iera,2,2028,700,1.0535267341136931,0.5338197576999665,1.9090589255094528,0.519706971347332,1.363885223865509,0.6270304620265961,2.615108013153076,0.7368547320365906,2.6832189559936523,0.6448000073432922,1.4007643553059912,0.0
anchored_iera,2,2028,725,1.0009885621070862,0.5232203769683837,1.7674138018488883,0.47776819199323656,1.363403856754303,0.6270093023777008,2.61464786529541,0.7363945841789246,2.6832189559936523,0.6431999802589417,1.400548900219645,0.0
anchored_iera,2,2028,750,0.9726621639728547,0.49680300116539,1.7227308560907841,0.4758591651916504,1.36301589012146,0.626992255449295,2.614276885986328,0.7360236048698425,2.6832189559936523,0.6431999802589417,1.4003792958154497,0.0
anchored_iera,2,2028,775,0.8783893537521362,0.510599365234375,1.5274527169018983,0.3677899950742722,1.362181544303894,0.6269654631614685,2.613469362258911,0.7352160811424255,2.6832189559936523,0.6431999802589417,1.399988774488163,0.0
anchored_iera,2,2028,800,1.0203071439266205,0.48567661106586457,1.8879539719223977,0.534630533605814,1.3616344928741455,0.6269577741622925,2.612929940223694,0.7346766591072083,2.6832189559936523,0.6431999802589417,1.3997182698367263,0.0
anchored_iera,2,2028,825,0.8305906504392624,0.5108704262971878,1.3932339045405389,0.31972022652626036,1.361056625843048,0.6269265413284302,2.6123833656311035,0.7341300845146179,2.6832189559936523,0.6431999802589417,1.3994581139285964,0.0
anchored_iera,2,2028,850,0.9925952422618866,0.5451819694042206,1.595706933736801,0.447413270547986,1.3606236577033997,0.6269052028656006,2.6119717359542847,0.7337184548377991,2.6832189559936523,0.6431999802589417,1.3992718365490735,0.0
anchored_iera,2,2028,875,0.9602335107326507,0.5817374324798584,1.395553827136755,0.3784960788488388,1.3603087663650513,0.6268938481807709,2.6116682291030884,0.7334149479866028,2.6832189559936523,0.6431999802589417,1.3991351468978959,0.0
anchored_iera,2,2028,900,0.9392956787347794,0.48677880346775054,1.6434970304369927,0.4525168839097023,1.3599790334701538,0.6268775165081024,2.6113548278808594,0.7331015467643738,2.6832189559936523,0.6431999802589417,1.3989934266076107,0.0
anchored_iera,2,2028,925,1.1840399765968324,0.6313939833641052,1.9484429498016835,0.5526459968090057,1.3597552180290222,0.626868486404419,2.611140012741089,0.7328867316246033,2.6832189559936523,0.6431999802589417,1.3989005753829413,0.0
anchored_iera,2,2028,950,1.135926285982132,0.5640127348899842,2.0650048346072434,0.5719135472178459,1.359279990196228,0.6268460154533386,2.610687255859375,0.7324339747428894,2.6832189559936523,0.6431999802589417,1.3986867013546003,0.0
anchored_iera,2,2028,975,1.1327126133441925,0.6102554249763489,1.9327359822392465,0.5224571877717972,1.3588131070137024,0.626831442117691,2.6102349758148193,0.7319816946983337,2.6832189559936523,0.6431999802589417,1.3984757019771776,0.0
anchored_iera,2,2028,1000,1.0232445394992828,0.5656919598579406,1.707031798362732,0.4575525765120983,1.3582473993301392,0.6268163919448853,2.6096842288970947,0.7314309477806091,2.6832189559936523,0.6431999802589417,1.3982086469068433,0.0
learned_uniform,3,2029,0,,,,,1.048744022846222,1.048744022846222,0.0,0.0,0.0,0.29919999837875366,0.0,1.0
learned_uniform,3,2029,25,0.7267054200172425,0.7267054200172425,0.0,0.0,0.6662900149822235,0.6662900149822235,0.0,0.0,0.0,0.5871999859809875,0.0,1.0
learned_uniform,3,2029,50,0.6400946021080017,0.6400946021080017,0.0,0.0,0.6937139630317688,0.6937139630317688,0.0,0.0,0.0,0.6128000020980835,0.0,1.0
learned_uniform,3,2029,75,0.6125379717350006,0.6125379717350006,0.0,0.0,0.6428820490837097,0.6428820490837097,0.0,0.0,0.0,0.6176000237464905,0.0,1.0
learned_uniform,3,2029,100,0.6702645754814148,0.6702645754814148,0.0,0.0,0.6421400904655457,0.6421400904655457,0.0,0.0,0.0,0.548799991607666,0.0,1.0
learned_uniform,3,2029,125,0.6513896179199219,0.6513896179199219,0.0,0.0,0.6524847149848938,0.6524847149848938,0.0,0.0,0.0,0.5680000185966492,0.0,1.0
learned_uniform,3,2029,150,0.5943629658222198,0.5943629658222198,0.0,0.0,0.6852591931819916,0.6852591931819916,0.0,0.0,0.0,0.5440000295639038,0.0,1.0
learned_uniform,3,2029,175,0.7038055181503295,0.7038055181503295,0.0,0.0,0.6830796301364899,0.6830796301364899,0.0,0.0,0.0,0.6208000183105469,0.0,1.0
learned_uniform,3,2029,200,0.5871857935190201,0.5871857935190201,0.0,0.0,0.6440532803535461,0.6440532803535461,0.0,0.0,0.0,0.6176000237464905,0.0,1.0
learned_uniform,3,2029,225,0.6152854466438293,0.6152854466438293,0.0,0.0,0.6196295619010925,0.6196295619010925,0.0,0.0,0.0,0.6704000234603882,0.0,1.0
learned_uniform,3,2029,250,0.5905272442102433,0.5905272442102433,0.0,0.0,0.632365345954895,0.632365345954895,0.0,0.0,0.0,0.6064000129699707,0.0,1.0
learned_uniform,3,2029,275,0.5883869230747223,0.5883869230747223,0.0,0.0,0.6070947349071503,0.6070947349071503,0.0,0.0,0.0,0.6751999855041504,0.0,1.0
learned_uniform,3,2029,300,0.5514841222763062,0.5514841222763062,0.0,0.0,0.6419908106327057,0.6419908106327057,0.0,0.0,0.0,0.5968000292778015,0.0,1.0
learned_uniform,3,2029,325,0.61860027551651,0.61860027551651,0.0,0.0,0.6088345050811768,0.6088345050811768,0.0,0.0,0.0,0.6111999750137329,0.0,1.0
learned_uniform,3,2029,350,0.580134482383728,0.580134482383728,0.0,0.0,0.6527600288391113,0.6527600288391113,0.0,0.0,0.0,0.5839999914169312,0.0,1.0
learned_uniform,3,2029,375,0.5465291571617127,0.5465291571617127,0.0,0.0,0.6130506098270416,0.6130506098270416,0.0,0.0,0.0,0.579200029373169,0.0,1.0
learned_uniform,3,2029,400,0.5474825251102448,0.5474825251102448,0.0,0.0,0.6048972606658936,0.6048972606658936,0.0,0.0,0.0,0.676800012588501,0.0,1.0
learned_uniform,3,2029,425,0.5176031363010406,0.5176031363010406,0.0,0.0,0.5995970666408539,0.5995970666408539,0.0,0.0,0.0,0.6639999747276306,0.0,1.0
learned_uniform,3,2029,450,0.5496987855434418,0.5496987855434418,0.0,0.0,0.6748756170272827,0.6748756170272827,0.0,0.0,0.0,0.5680000185966492,0.0,1.0
learned_uniform,3,2029,475,0.5231241536140442,0.5231241536140442,0.0,0.0,0.6321288645267487,0.6321288645267487,0.0,0.0,0.0,0.6384000182151794,0.0,1.0
learned_uniform,3,2029,500,0.5971943414211274,0.5971943414211274,0.0,0.0,0.6605413854122162,0.6605413854122162,0.0,0.0,0.0,0.5648000240325928,0.0,1.0
learned_uniform,3,2029,525,0.6591770744323731,0.6591770744323731,0.0,0.0,0.636597067117691,0.636597067117691,0.0,0.0,0.0,0.6399999856948853,0.0,1.0
learned_uniform,3,2029,550,0.5971446895599365,0.5971446895599365,0.0,0.0,0.7242431044578552,0.7242431044578552,0.0,0.0,0.0,0.5264000296592712,0.0,1.0
iera,3,2029,0,,,,,0.9849202334880829,0.9849202334880829,0.0,0.0,0.0,0.5343999862670898,0.0,1.0
iera,3,2029,25,0.6965464425086975,0.6965464425086975,0.0,0.0,0.6917566657066345,0.6917566657066345,0.0,0.0,0.0,0.5824000239372253,0.0,1.0
iera,3,2029,50,0.6085167342424392,0.6085167342424392,0.0,0.0,0.6235300302505493,0.6235300302505493,0.0,0.0,0.0,0.5167999863624573,0.0,1.0
iera,3,2029,75,0.614776451587677,0.614776451587677,0.0,0.0,0.6297853291034698,0.6297853291034698,0.0,0.0,0.0,0.527999997138977,0.0,1.0
iera,3,2029,100,0.617725533246994,0.617725533246994,0.0,0.0,0.6113723814487457,0.6113723814487457,0.0,0.0,0.0,0.532800018787384,0.0,1.0
iera,3,2029,125,0.6317328572273254,0.6317328572273254,0.0,0.0,0.6240716874599457,0.6240716874599457,0.0,0.0,0.0,0.532800018787384,0.0,1.0
iera,3,2029,150,0.6338813519477844,0.6338813519477844,0.0,0.0,0.6011330783367157,0.6011330783367157,0.0,0.0,0.0,0.5216000080108643,0.0,1.0
iera,3,2029,175,0.5676775884628296,0.5676775884628296,0.0,0.0,0.6337171494960785,0.6337171494960785,0.0,0.0,0.0,0.5631999969482422,0.0,1.0
iera,3,2029,200,0.5957366406917572,0.5957366406917572,0.0,0.0,0.6564754545688629,0.6564754545688629,0.0,0.0,0.0,0.553600013256073,0.0,1.0
iera,3,2029,225,0.6019342064857482,0.6019342064857482,0.0,0.0,0.6521553099155426,0.6521553099155426,0.0,0.0,0.0,0.5248000025749207,0.0,1.0
iera,3,2029,250,0.598011952638626,0.598011952638626,0.0,0.0,0.6383791267871857,0.6383791267871857,0.0,0.0,0.0,0.6032000184059143,0.0,1.0
iera,3,2029,275,0.625333331823349,0.625333331823349,0.0,0.0,0.6216382086277008,0.6216382086277008,0.0,0.0,0.0,0.5727999806404114,0.0,1.0
anchored_iera,3,2029,0,,,,,1.1930078864097595,0.5985797345638275,2.2585549354553223,0.5944281220436096,2.377324104309082,0.6592000126838684,1.3833749817959955,0.0
anchored_iera,3,2029,25,1.1410395616292954,0.5513708502054214,2.12839363604784,0.5896687050908804,1.192456603050232,0.5985768437385559,2.2580065727233887,0.593879759311676,2.377324104309082,0.6592000126838684,1.3831835471282274,0.0
anchored_iera,3,2029,50,0.9474976116418838,0.48132683873176574,1.7013257675617934,0.4661707771010697,1.1910762190818787,0.5985645353794098,2.256638526916504,0.5925117135047913,2.377324104309082,0.6592000126838684,1.382664994814169,0.0
anchored_iera,3,2029,75,0.9791310024261475,0.5307227396965026,1.6254652499221265,0.44840825769118964,1.1900030970573425,0.598557323217392,2.255572557449341,0.5914457440376282,2.377324104309082,0.6592000126838684,1.3822714987754343,0.0
anchored_iera,3,2029,100,1.0601885634660722,0.5851881206035614,1.7020182437449694,0.47500043861567975,1.1890312433242798,0.5985531508922577,2.254604935646057,0.5904781222343445,2.377324104309082,0.6592000126838684,1.3819275940182936,0.0
anchored_iera,3,2029,125,1.1225677692890168,0.5916692745685578,1.8761253856867552,0.53089848626405,1.1882076263427734,0.5985477268695831,2.2537866830825806,0.5896598696708679,2.377324104309082,0.6592000126838684,1.3816266581045216,0.0
anchored_iera,3,2029,150,1.0579947996139527,0.5474996972084045,1.8200819533132018,0.5104951141308993,1.186966598033905,0.5985343754291534,2.2525590658187866,0.588432252407074,2.377324104309082,0.6592000126838684,1.3811449142261802,0.0
anchored_iera,3,2029,175,1.0086306136846543,0.5698386430740356,1.7332248928956688,0.43879195662215353,1.1852139830589294,0.598516583442688,2.250824213027954,0.5866973996162415,2.377324104309082,0.6592000126838684,1.3804709656291145,0.0
anchored_iera,3,2029,200,0.9098586827516556,0.5272979474067688,1.4314566553384065,0.38256073523312806,1.1837408542633057,0.5985056161880493,2.249361991882324,0.5852351784706116,2.377324104309082,0.6592000126838684,1.379924999501007,0.0
anchored_iera,3,2029,225,0.9889510846138001,0.562140703201294,1.5855153721012174,0.42681038334965704,1.1826030015945435,0.5985011160373688,2.248228669166565,0.5841018557548523,2.377324104309082,0.6575999855995178,1.3795179505654391,0.0
anchored_iera,3,2029,250,0.9468372648954392,0.5418612867593765,1.5027131087519228,0.40497597795911133,1.1812720894813538,0.598501056432724,2.24689781665802,0.5827710032463074,2.377324104309082,0.6575999855995178,1.3790619263890427,0.0
anchored_iera,3,2029,275,1.0148250079154968,0.5366329097747803,1.7457917902246118,0.47819209390319883,1.1804657578468323,0.5985037982463837,2.246088743209839,0.5819619297981262,2.377324104309082,0.6575999855995178,1.3787917925135276,0.0
anchored_iera,3,2029,300,0.8238323152065277,0.5009426206350327,1.2203710211068393,0.3228897050954401,1.1797423958778381,0.5984991788864136,2.245370030403137,0.5812432169914246,2.377324104309082,0.6575999855995178,1.3785233527501168,0.0
anchored_iera,3,2029,325,1.2851465022563935,0.6214391362667083,2.2897950184904037,0.6637073730491102,1.1791481971740723,0.598491907119751,2.244783043861389,0.5806562304496765,2.377324104309082,0.6575999855995178,1.3782891032491715,0.0
anchored_iera,3,2029,350,1.0392386722564697,0.5500544762611389,1.7728677418082952,0.4891841984167695,1.1785586476325989,0.5984894335269928,2.244196057319641,0.5800692439079285,2.377324104309082,0.6575999855995178,1.3780737970017543,0.0
anchored_iera,3,2029,375,0.8400254726409913,0.5117741113901139,1.2789543954841793,0.328251365441829,1.1774281859397888,0.5984903872013092,2.2430646419525146,0.578937828540802,2.377324104309082,0.6575999855995178,1.377678298830533,0.0
anchored_iera,3,2029,400,0.8966889584064484,0.525356320142746,1.3543722077831626,0.37133263375610115,1.1768779158592224,0.5984994173049927,2.2425053119659424,0.5783784985542297,2.377324104309082,0.6575999855995178,1.3775088876201187,0.0
anchored_iera,3,2029,425,0.8304210847616196,0.4797822219133377,1.3896400034986436,0.35063886718824505,1.1757105588912964,0.598491370677948,2.241346001625061,0.5772191882133484,2.377324104309082,0.6575999855995178,1.3770711906564852,0.0
anchored_iera,3,2029,450,1.1818600034713744,0.5676080340147018,2.038750670477748,0.6142519703693687,1.175304651260376,0.5984857082366943,2.240945816040039,0.5768190026283264,2.377324104309082,0.6575999855995178,1.376909787976018,0.0
anchored_iera,3,2029,475,1.0089522415399552,0.5149957710504531,1.8299449854157865,0.4939564729295671,1.1745154857635498,0.5984800457954407,2.2401622533798218,0.5760354399681091,2.377324104309082,0.6575999855995178,1.3766128563272193,0.0
anchored_iera,3,2029,500,0.9575059980154037,0.5931826990842819,1.379036342650652,0.36432329351082443,1.1733510494232178,0.5984732508659363,2.239004611968994,0.5748777985572815,2.377324104309082,0.6575999855995178,1.376179163628559,0.0
anchored_iera,3,2029,525,1.2708516752719878,0.668517519235611,2.147021679505706,0.6023341578990221,1.1722716093063354,0.5984610915184021,2.237937331199646,0.5738105177879333,2.377324104309082,0.6575999855995178,1.3757602559082622,0.0
anchored_iera,3,2029,550,1.0298878276348113,0.6382527393102646,1.4150842399522663,0.39163509108126165,1.1714892387390137,0.5984510481357574,2.2371649742126465,0.5730381608009338,2.377324104309082,0.6575999855995178,1.3754503874033956,0.0
anchored_iera,3,2029,575,0.9654472863674164,0.577522634267807,1.5056417241320015,0.3879246483184397,1.1705198884010315,0.5984412729740143,2.2362054586410522,0.5720786452293396,2.377324104309082,0.6575999855995178,1.3750749105570415,0.0
anchored_iera,3,2029,600,1.1156539273262025,0.5341867619752884,2.184128114897758,0.5814671644754708,1.1690979599952698,0.5984461009502411,2.234778642654419,0.5706518292427063,2.377324104309082,0.6575999855995178,1.3745803838328234,0.0
anchored_iera,3,2029,625,0.9176105213165283,0.4695286673307419,1.692313478551805,0.4480818556807935,1.1682885885238647,0.5984429717063904,2.233972430229187,0.5698456168174744,2.377324104309082,0.6575999855995178,1.3742812960413466,0.0
anchored_iera,3,2029,650,0.9768311285972595,0.5825039321184158,1.4379455493018032,0.394327187910676,1.1675664782524109,0.5984370410442352,2.233256220817566,0.5691294074058533,2.377324104309082,0.6575999855995178,1.3740043857174153,0.0
anchored_iera,3,2029,675,1.0018442368507385,0.5264731150865555,1.7204420464485883,0.4753711220994592,1.166830837726593,0.598420649766922,2.232537031173706,0.5684102177619934,2.377324104309082,0.6575999855995178,1.3736985214775221,0.0
anchored_iera,3,2029,700,0.8572596657276154,0.4936430370807648,1.4800214130058884,0.3636166372988373,1.1653172373771667,0.598416656255722,2.231027364730835,0.5669005513191223,2.377324104309082,0.6575999855995178,1.373146240931572,0.0
anchored_iera,3,2029,725,1.150452514886856,0.6715942525863647,1.7458049112930893,0.4788582552969456,1.1645880937576294,0.5984166264533997,2.2302982807159424,0.5661714673042297,2.377324104309082,0.6575999855995178,1.3728845776165777,0.0
anchored_iera,3,2029,750,1.1620682299137115,0.64450021982193,1.9793253874778747,0.5175680065155029,1.1632879972457886,0.5984079241752625,2.2290068864822388,0.5648800730705261,2.377324104309082,0.6575999855995178,1.3723939011471418,0.0
anchored_iera,3,2029,775,0.95685193836689,0.5192840641736984,1.5999310083687306,0.43756787006743253,1.1622013449668884,0.5984036922454834,2.2279244661331177,0.563797652721405,2.377324104309082,0.6575999855995178,1.371993782670182,0.0
anchored_iera,3,2029,800,1.0875524735450746,0.5559867662191391,1.8252368630841374,0.5315657019242644,1.1618268489837646,0.5984022319316864,2.2275514602661133,0.5634246468544006,2.377324104309082,0.656000018119812,1.3718551734980249,0.0
anchored_iera,3,2029,825,1.158421926498413,0.5560301911830902,2.2758334425836804,0.6023917410895229,1.160594403743744,0.5984056293964386,2.2263156175613403,0.5621888041496277,2.377324104309082,0.656000018119812,1.3714191706464953,0.0
anchored_iera,3,2029,850,0.8201752102375031,0.5655952942371368,1.0438115925900637,0.2545799153950065,1.159839689731598,0.598408967256546,2.225557565689087,0.5614307522773743,2.377324104309082,0.656000018119812,1.37115257900538,0.0
anchored_iera,3,2029,875,0.9660392332077027,0.5623048055171966,1.5286854756250978,0.40373443443328144,1.1591887474060059,0.598402589559555,2.224913001060486,0.5607861876487732,2.377324104309082,0.6543999910354614,1.370905546658558,0.0
anchored_iera,3,2029,900,0.9805164009332656,0.5555836796760559,1.6591251351498066,0.4249327190034091,1.1581552624702454,0.5983993113040924,2.223882794380188,0.5597559809684753,2.377324104309082,0.6528000235557556,1.3705272976287606,0.0
anchored_iera,3,2029,925,0.7073702067136765,0.47372866988182066,0.9862571300566196,0.23364154004491866,1.1574651002883911,0.5984028875827789,2.2231889963150024,0.5590621829032898,2.377324104309082,0.6528000235557556,1.37028642568959,0.0
anchored_iera,3,2029,950,1.1393215626478195,0.5777735245227814,2.0232604545354844,0.5615480420365929,1.156537413597107,0.5984118580818176,2.222252368927002,0.5581255555152893,2.377324104309082,0.6528000235557556,1.3699690106853504,0.0
anchored_iera,3,2029,975,1.1112224268913269,0.6316632437705993,1.7281156082451343,0.47955918302759526,1.1561569571495056,0.5984072983264923,2.2218765020370483,0.5577496886253357,2.377324104309082,0.6528000235557556,1.3698190047590382,0.0
anchored_iera,3,2029,1000,0.7962304216623306,0.4588930404186249,1.3569939736276866,0.33733738129027185,1.1548986434936523,0.5983979105949402,2.220627546310425,0.5565007328987122,2.377324104309082,0.6528000235557556,1.3693428052475831,0.0
learned_uniform,4,2030,0,,,,,1.0389699935913086,1.0389699935913086,0.0,0.0,0.0,0.5135999917984009,0.0,1.0
learned_uniform,4,2030,25,0.7480625593662262,0.7480625593662262,0.0,0.0,0.6997073888778687,0.6997073888778687,0.0,0.0,0.0,0.5231999754905701,0.0,1.0
learned_uniform,4,2030,50,0.6963318181037903,0.6963318181037903,0.0,0.0,0.6820343732833862,0.6820343732833862,0.0,0.0,0.0,0.5231999754905701,0.0,1.0
learned_uniform,4,2030,75,0.6998692584037781,0.6998692584037781,0.0,0.0,0.6849201619625092,0.6849201619625092,0.0,0.0,0.0,0.5551999807357788,0.0,1.0
learned_uniform,4,2030,100,0.6199681913852692,0.6199681913852692,0.0,0.0,0.6378121078014374,0.6378121078014374,0.0,0.0,0.0,0.569599986076355,0.0,1.0
learned_uniform,4,2030,125,0.7063548302650452,0.7063548302650452,0.0,0.0,0.7663090229034424,0.7663090229034424,0.0,0.0,0.0,0.40799999237060547,0.0,1.0
learned_uniform,4,2030,150,0.5998475790023804,0.5998475790023804,0.0,0.0,0.6422428786754608,0.6422428786754608,0.0,0.0,0.0,0.569599986076355,0.0,1.0
learned_uniform,4,2030,175,0.5736231768131256,0.5736231768131256,0.0,0.0,0.6440859735012054,0.6440859735012054,0.0,0.0,0.0,0.579200029373169,0.0,1.0
learned_uniform,4,2030,200,0.5672717964649201,0.5672717964649201,0.0,0.0,0.6793796718120575,0.6793796718120575,0.0,0.0,0.0,0.5055999755859375,0.0,1.0
learned_uniform,4,2030,225,0.6375213742256165,0.6375213742256165,0.0,0.0,0.6626484096050262,0.6626484096050262,0.0,0.0,0.0,0.574400007724762,0.0,1.0
iera,4,2030,0,,,,,0.9616708755493164,0.9616708755493164,0.0,0.0,0.0,0.5231999754905701,0.0,1.0
iera,4,2030,25,0.6826230764389039,0.6826230764389039,0.0,0.0,0.6399008929729462,0.6399008929729462,0.0,0.0,0.0,0.5856000185012817,0.0,1.0
iera,4,2030,50,0.6740231561660767,0.6740231561660767,0.0,0.0,0.6768834292888641,0.6768834292888641,0.0,0.0,0.0,0.590399980545044,0.0,1.0
iera,4,2030,75,0.6308296203613282,0.6308296203613282,0.0,0.0,0.6818004846572876,0.6818004846572876,0.0,0.0,0.0,0.5551999807357788,0.0,1.0
iera,4,2030,100,0.5927889406681061,0.5927889406681061,0.0,0.0,0.6604253649711609,0.6604253649711609,0.0,0.0,0.0,0.5472000241279602,0.0,1.0
iera,4,2030,125,0.6426511061191559,0.6426511061191559,0.0,0.0,0.6417209804058075,0.6417209804058075,0.0,0.0,0.0,0.6047999858856201,0.0,1.0
iera,4,2030,150,0.5995964848995209,0.5995964848995209,0.0,0.0,0.6968426406383514,0.6968426406383514,0.0,0.0,0.0,0.5519999861717224,0.0,1.0
anchored_iera,4,2030,0,,,,,1.229962944984436,0.6382427215576172,2.2835543155670166,0.5917202830314636,2.4169057607650757,0.5648000240325928,1.3568429615286968,0.0
anchored_iera,4,2030,25,1.035862181186676,0.5791451573371887,1.6352039909362792,0.45671702824532984,1.2291659712791443,0.6382472515106201,2.282752752304077,0.5909187197685242,2.4169057607650757,0.5648000240325928,1.3564233948043982,0.0
anchored_iera,4,2030,50,1.101678377389908,0.6214038932323456,1.7877706244587899,0.4802744896709919,1.2277650237083435,0.6382459700107574,2.2813531160354614,0.5895190834999084,2.4169057607650757,0.5648000240325928,1.355675903208278,0.0
anchored_iera,4,2030,75,1.1428840744495392,0.5785797560214996,2.136705645546317,0.5643043143115938,1.226244568824768,0.6382471323013306,2.2798314094543457,0.5879973769187927,2.4169057607650757,0.5648000240325928,1.354855420151327,0.0
anchored_iera,4,2030,100,0.9306365263462066,0.5591146647930145,1.5160383006930351,0.371521860063076,1.2244640588760376,0.638254314661026,2.278043746948242,0.5862097144126892,2.4169057607650757,0.5648000240325928,1.3538980781053178,0.0
anchored_iera,4,2030,125,1.0280428516864777,0.6842875003814697,1.3736240061372518,0.3437553507834673,1.223203420639038,0.6382602453231812,2.2767772674560547,0.5849432349205017,2.4169057607650757,0.5648000240325928,1.3532186134772883,0.0
anchored_iera,4,2030,150,0.9543937253952026,0.577961015701294,1.3535847882926464,0.3764327001571655,1.2223246097564697,0.6382633745670319,2.2758952379226685,0.5840612053871155,2.4169057607650757,0.5648000240325928,1.3527495360010657,0.0
anchored_iera,4,2030,175,0.9940741586685181,0.5811987864971161,1.7323855132237076,0.4128753688745201,1.2209557890892029,0.6382646858692169,2.2745251655578613,0.5826911330223083,2.4169057607650757,0.5648000240325928,1.3520122417413853,0.0
anchored_iera,4,2030,200,1.0895457589626312,0.595242840051651,1.7180029274523259,0.49430292457342145,1.2194972038269043,0.6382642984390259,2.273066997528076,0.5812329649925232,2.4169057607650757,0.5648000240325928,1.3512301328715621,0.0
anchored_iera,4,2030,225,1.134651461839676,0.6215503203868866,1.8782131405174731,0.5131011280417442,1.2185633778572083,0.6382661163806915,2.272131323814392,0.5802972912788391,2.4169057607650757,0.5648000240325928,1.3507241571384858,0.0
anchored_iera,4,2030,250,0.9579117810726165,0.6019070756435394,1.270412090793252,0.35600470591336486,1.2179499864578247,0.6382677853107452,2.27151620388031,0.5796821713447571,2.4169057607650757,0.5648000240325928,1.3503934145815955,0.0
anchored_iera,4,2030,275,1.0298543226718904,0.5907265102863312,1.7360772681236267,0.43912781253457067,1.2164798974990845,0.6382710039615631,2.270042896270752,0.578208863735199,2.4169057607650757,0.5648000240325928,1.3495938628994415,0.0
anchored_iera,4,2030,300,1.212310975790024,0.639182196855545,2.097788268327713,0.5731287743151188,1.2157061696052551,0.6382707059383392,2.2692694664001465,0.5774354338645935,2.4169057607650757,0.5648000240325928,1.3491787239659654,0.0
anchored_iera,4,2030,325,1.203116282224655,0.6553830170631408,1.968038179203868,0.5477332668751478,1.2142748832702637,0.6382744014263153,2.2678345441818237,0.5760005116462708,2.4169057607650757,0.5648000240325928,1.3484077516609383,0.0
anchored_iera,4,2030,350,1.1530590379238128,0.6062011420726776,1.8231842601299286,0.5468578958697617,1.2140920758247375,0.6382778882980347,2.267648220062256,0.5758141875267029,2.4169057607650757,0.5648000240325928,1.348299740399966,0.0
anchored_iera,4,2030,375,1.0203717243671417,0.6185127186775208,1.5091533092781901,0.401858997028321,1.2137063145637512,0.6382786929607391,2.2672616243362427,0.5754275918006897,2.4169057607650757,0.5648000240325928,1.348083315351583,0.0
anchored_iera,4,2030,400,0.9118852174282074,0.5503116023540496,1.4561816857755183,0.36157361716032027,1.2124698758125305,0.6382762491703033,2.2660276889801025,0.5741936564445496,2.4169057607650757,0.5648000240325928,1.3474050583028687,0.0
anchored_iera,4,2030,425,1.1008712065219879,0.6440736842155457,1.640629303753376,0.45679751861840484,1.2115868926048279,0.6382737159729004,2.2651472091674805,0.5733131766319275,2.4169057607650757,0.5648000240325928,1.346925380963768,0.0
anchored_iera,4,2030,450,1.1574046671390534,0.6493482732772827,1.884824782013893,0.5080563815683127,1.210688829421997,0.6382718682289124,2.2642509937286377,0.5724169611930847,2.4169057607650757,0.5648000240325928,1.3464273215839802,0.0
anchored_iera,4,2030,475,1.0839223659038544,0.6120400083065033,1.7409915988892317,0.4718823456764221,1.2098196744918823,0.6382710337638855,2.26338267326355,0.5715486407279968,2.4169057607650757,0.5648000240325928,1.3459383861367964,0.0
anchored_iera,4,2030,500,1.0007620429992676,0.5844842076301575,1.5070380533859133,0.4162778300978243,1.208861231803894,0.6382704079151154,2.2624248266220093,0.5705907940864563,2.4169057607650757,0.5648000240325928,1.3454066487116618,0.0
anchored_iera,4,2030,525,1.0725508046150207,0.5737450754642487,1.7012776895612478,0.4988057274371386,1.2086599469184875,0.6382660865783691,2.2622278928756714,0.5703938603401184,2.4169057607650757,0.5648000240325928,1.3452842806743863,0.0
anchored_iera,4,2030,550,1.1598824894428252,0.6323923480510711,1.94838078930974,0.5274901452660561,1.2074483036994934,0.6382697820663452,2.261012554168701,0.5691785216331482,2.4169057607650757,0.5648000240325928,1.3446163551375911,0.0
anchored_iera,4,2030,575,1.15813894033432,0.6481864809989929,1.8833192825317382,0.5099524641036988,1.2064328789710999,0.6382695436477661,2.2599973678588867,0.5681633353233337,2.4169057607650757,0.5648000240325928,1.344054025703138,0.0
anchored_iera,4,2030,600,1.0953936064243317,0.6159899032115936,1.8070978170633316,0.4794037112593651,1.20505291223526,0.6382746696472168,2.258612275123596,0.5667782425880432,2.4169057607650757,0.5648000240325928,1.3432932507345505,0.0
anchored_iera,4,2030,625,1.0151627027988435,0.5791792368888855,1.6408100777491927,0.43598346615210176,1.2041130065917969,0.6382766366004944,2.2576704025268555,0.5658363699913025,2.4169057607650757,0.5648000240325928,1.3427819079822951,0.0
anchored_iera,4,2030,650,1.1213746643066407,0.6044030404090881,1.8687336799502372,0.5169716300070286,1.2035428881645203,0.6382828056812286,2.257094144821167,0.565260112285614,2.4169057607650757,0.5648000240325928,1.342501615405685,0.0
anchored_iera,4,2030,675,1.164339292049408,0.6428578221797943,2.046920876838267,0.5214814632385969,1.2021160125732422,0.6382874548435211,2.2556625604629517,0.5638285279273987,2.4169057607650757,0.5648000240325928,1.3417243368531229,0.0
anchored_iera,4,2030,700,1.1462071967124938,0.6442852818965912,1.9148672914505005,0.5019219097495079,1.2002021670341492,0.6382918357849121,2.25374436378479,0.5619103312492371,2.4169057607650757,0.5648000240325928,1.34068461106272,0.0
anchored_iera,4,2030,725,1.0289627492427826,0.6409883892536163,1.3789450669288634,0.3879743559658527,1.1995888352394104,0.6382957696914673,2.253127098083496,0.5612930655479431,2.4169057607650757,0.5648000240325928,1.340386875673779,0.0
anchored_iera,4,2030,750,1.050549066066742,0.6294635367393494,1.5270733194053172,0.42108552232384683,1.1989416480064392,0.638301819562912,2.252473831176758,0.5606397986412048,2.4169057607650757,0.5648000240325928,1.340065391224972,0.0
anchored_iera,4,2030,775,1.1789773058891297,0.6023644375801086,2.109457487873733,0.576612870004028,1.1979413032531738,0.6383077502250671,2.2514675855636597,0.5596335530281067,2.4169057607650757,0.5648000240325928,1.3395421068550442,0.0
anchored_iera,4,2030,800,0.9906609094142914,0.6221198511123657,1.448943417109549,0.3685410640388727,1.1966761350631714,0.6383060812950134,2.250204086303711,0.558370053768158,2.4169057607650757,0.5648000240325928,1.3388337944989288,0.0
anchored_iera,4,2030,825,1.1495398473739624,0.6455876195430755,1.8889370079711079,0.5039522304013372,1.1956086158752441,0.6383087038993835,2.2491339445114136,0.5572999119758606,2.4169057607650757,0.5648000240325928,1.3382654271678995,0.0
anchored_iera,4,2030,850,0.9818833184242248,0.6129591131210327,1.3979571133852005,0.3689242121577263,1.1945664286613464,0.6383079290390015,2.248092532157898,0.556258499622345,2.4169057607650757,0.5648000240325928,1.337675860111114,0.0
anchored_iera,4,2030,875,1.2583523845672608,0.6133337712287903,2.345313114896417,0.6450186210870743,1.1932854056358337,0.6383131742477417,2.246806263923645,0.554972231388092,2.4169057607650757,0.5648000240325928,1.3369760008102052,0.0
anchored_iera,4,2030,900,1.0607600915431976,0.6264063215255737,1.7202023332193495,0.4343537662178278,1.1919578909873962,0.6383178234100342,2.245474100112915,0.5536400675773621,2.4169057607650757,0.5648000240325928,1.3362478304831287,0.0
anchored_iera,4,2030,925,1.1702313482761384,0.6159255826473236,2.0222252057492733,0.5543057715892792,1.1910962462425232,0.638313502073288,2.244616746902466,0.5527827143669128,2.4169057607650757,0.5648000240325928,1.3357346092741609,0.0
anchored_iera,4,2030,950,0.9167465984821319,0.5239375245571136,1.5263524354994298,0.39280907437205315,1.1899160146713257,0.6383181214332581,2.2434319257736206,0.5515978932380676,2.4169057607650757,0.5648000240325928,1.3351308196165517,0.0
anchored_iera,4,2030,975,1.1576044499874114,0.6444338321685791,1.675803037919104,0.5131706211157143,1.1895528435707092,0.6383213698863983,2.2430654764175415,0.5512314438819885,2.4169057607650757,0.5648000240325928,1.334954244685571,0.0
anchored_iera,4,2030,1000,0.9817277085781098,0.580018789768219,1.7784562889859081,0.401708919480443,1.188369631767273,0.6383227705955505,2.2418808937072754,0.5500468611717224,2.4169057607650757,0.5648000240325928,1.3342922228698724,0.0
